ts	phase	decision	why	evidence	result
2026-10-07T17:43:42Z	scope	先建设七类各五题并按实际校准状态计数	用户确定35–70题且要求真实电路性能和严密checker	runs/benchmark-first-batch-20261008/SCOPE.md	local work authorized; resource and publication limits pending
2026-10-07T17:45:01Z	authorization	启用实际模型与Spectre校准；可提交推送正式PR但不合并	用户已明确回复费用不设上限、Spectre并发4、发布范围	runs/benchmark-first-batch-20261008/SCOPE.md	authorized
2026-10-07T17:50:35Z	construction	按独立任务资产分配五个可见工作树	35题有独立建设部分，隔离写入并统一评分接入	benchmark/first_batch/README.md	base cf1ef4a3; managed worktrees registered
2026-10-07T18:01:23Z	deployment	旧ADC部署预检拒绝新题，建立本批独立配置	旧preflight只许可frozen10候选和包，不是新题编译或行为失败	runs/benchmark-first-batch-20261008/calibration/comparator-reference-v1/remote	dependency_unavailable; no model score
2026-10-07T18:06:55Z	packaging	评分入口禁用Python bytecode生成	首个Spectre参考通过，但harness完整artifact与排除pycache的归档清单不一致，归档校验失败	runs/benchmark-first-batch-20261008/calibration/comparator-reference-v2	raw job verified; archive failed; preserve and rerun new package
2026-10-07T18:23:08Z	calibration	归档链修复后比较器和TDC参考全部条件通过	实际Spectre与归档身份都已验证；仍待语义负例和Agentic	runs/benchmark-first-batch-20261008/calibration/comparator-reference-v3/summary.json	comparator 2/2; TDC 3/3
2026-10-07T18:23:08Z	integration	集成28个新题和五项优化probe	各agent按owned范围提交，先集成后统一校准；目录不等于验收	benchmark/first_batch/README.md	28 authored; optimization evidence pending
2026-10-07T18:23:08Z	diagnosis	修正SH刺激与瞬时目标不一致、SAR期限浮点误判	实际波形独立分析定位；保留原始失败与原容差	experiments/benchmark_first_batch/identification/sh-v3-diagnosis.json	retest queued; SAR evidence in verification_measurement/sar_first_calibration.json
2026-10-07T18:23:08Z	review	候选日志不得伪造基础设施故障，编译失败仍计0分	独立processfixture发现stdout license文本可导致null；语义负例只认可完整波形graded失败	experiments/benchmark_first_batch/test_circuit_task.py	red reproduced then 7 tests pass; real reference regression queued
2026-10-07T18:23:08Z	public-tools	保留公开EVAS参考失败并单列能力限制	比较器与两题SDM实际backend_error，不能用桥接可达代替可用性	runs/benchmark-first-batch-20261008/runtime-inventory/public-reference-compatibility.json	three originals failed; no model execution yet
2026-10-07T18:23:08Z	optimization	首对flash功能通过但不作加速结论	并发首轮只有一对且编译/许可证需分离；VCO被宏合同拒绝未执行模型	experiments/benchmark_first_batch/optimization/first_calibration.json	flash 3/3 each; VCO source fix pending rerun
2026-10-07T18:32:30Z	evidence-correction	补充第7行TDC通过证据指针	原链接只证明比较器2/2，TDC3/3对应自己的summary	runs/benchmark-first-batch-20261008/calibration/tdc-reference-v3/summary.json	same claim; evidence pointer added
2026-10-07T18:32:30Z	evidence-correction	补充第4和第8行建设的实际检查与集成提交	README说明合同不能证明工作树注册或28题集成	fd8e9f7bd436efcaaaf14fa4d0707cb31549dbbc; runs/benchmark-first-batch-20261008/workspaces-start.txt	28 tasks committed; visibility PASS
2026-10-07T18:32:30Z	review	独立Spec审查发现SC保持、PLL网格、时钟电平与异步reset四项漏测	三项行级误放行已复现，第四项刺激/控制流证明；交回补判据和对应负例	/root/review_spec; fd8e9f7bd436efcaaaf14fa4d0707cb31549dbbc	fixes in progress; no Spectre mutant pass claimed
2026-10-07T18:32:30Z	runtime	将候选仿真失败映射已有harness的submission_contract_violation零分	harness project_report不认识case submission_failure，需要顶层有效可执行提交合同；保留逐case失败分类	benchmark/checkers/circuit_task.py	actual harness projection execution=ok score0; semantic calibration still requires graded
2026-10-07T18:32:30Z	agentic	首Trial在Pi安装阶段因容器DNS失败，保留后修部署	Harbor exit0不代表Trial成功，未出现model或verifier执行	runs/benchmark-first-batch-20261008/runtime-inventory/comparator-trial-v2	NetworkConnectionError; no model or final solve
2026-10-07T19:06:47Z	review	补齐公开源码限制并修正SAR越界刺激、PLL频率监测网格	独立复审发现隐藏合同限制未公开及tune采样混叠；SAR两个输入距码边界不足5mV	e0c37541; 72cb306d; 30d5bcfd; runs/benchmark-first-batch-20261008/review-spec-followup.md	source policy published; local tests pass; actual followup prepared
2026-10-07T19:06:47Z	evidence-correction	将原Spec审查指针落到完整可读报告	原第15行仅列agent名字，不能单靠该名字重读审查范围与结果	runs/benchmark-first-batch-20261008/review-spec-followup.md	initial and followup reports retained; fixed revisions and limitations stated
2026-10-07T19:06:47Z	calibration	保留AGC错版编译失败并只修正字面量语法	三条件VACOMP-1795不能证明语义拒绝，sampled-output错误行为仍需真实校准	7cb52e93; runs/benchmark-first-batch-20261008/calibration-round2/integrate-agc-attack-release/sampled-output/summary.json	original3 failures retained; corrected3 queued
2026-10-07T19:06:47Z	performance	固定配对计划并核验原生日志身份，尚不发布加速结论	单次并发结果不足定阈值；stdout/stderr原本合并，不能虚构独立stderr	e0c37541; runs/benchmark-first-batch-20261008/optimization-native-extractor-check.json; runs/benchmark-first-batch-20261008/performance-pairs-v1/manifest.json	3 actual archived cases extracted; altered log hash rejected; 48 attempts prepared only
2026-10-07T19:24:10Z	calibration	完成round2固定126提交317条件并保留AGC三条件编译失败	只有已执行数值判断的失败才能校准语义错版	runs/benchmark-first-batch-20261008/round2-totals.json	28/28 refs passed; 97/98 negative submissions semantically rejected; AGC invalid negative retained
2026-10-07T19:24:10Z	review	实际复核PLL调谐网格、SAR输入边界和AGC语法修正	保持原行为要求与容差，只补公开合同内的输入和漏测	runs/benchmark-first-batch-20261008/followup-function-plan-v3.json.results.json	17 submissions/54 conditions completed; all expected ref/negative outcomes hold; includes5 optimization functional submissions
2026-10-07T19:24:10Z	agentic	记录GLM5.3真实工具试跑与Spectre终评分	公开EVAS失败与实际最终通过必须同时呈现	runs/benchmark-first-batch-20261008/runtime-inventory/comparator-trial-v4/identity-audit.json	29 assistant responses;31 tool calls;7 EVAS backend_errors;2 final conditions pass;macro-disclosure timing gap retained
2026-10-07T19:24:10Z	agentic	保留第二模型输出截断且未提交候选的Trial	正常工具调用后单轮输出上限中断，不能当作题目失败或成功	runs/benchmark-first-batch-20261008/runtime-inventory/comparator-flash-v1/outcome-summary.json	glm-5.3-flash stopped by length; no candidate or Spectre solve; next attempt raises output limit explicitly
2026-10-07T19:24:10Z	legacy	VA07保留原数学和cases字节并在公共执行边界实际校准	原历史raw未找到，新增执行用于当前协议身份	runs/benchmark-first-batch-20261008/legacy-va07-current-v1/plan.json.results.json	8 reference+2 equivalent conditions pass;4 semantic negatives graded rejected
2026-10-07T19:24:10Z	metadata	统一七类工程动作与三层上下文并关联共享S/H资产	避免同一来源登记不一致和共享资产被当作独立来源	0d50f105;benchmark/first_batch/METADATA.md	37 entries normalized;task executable bytes unchanged;3 paired-evidence integrity fixtures passed
2026-10-07T19:24:10Z	performance	暂停本轮其他Spectre工作并串行执行60个配对作业	五个候选各一对预热加五对测量；共享宿主外部负载如实保留	runs/benchmark-first-batch-20261008/performance-window-start-v1.json;runs/benchmark-first-batch-20261008/performance-all-manifest-v1.json	started;workers1;64logical CPUs;load1.37/1.69/2.20;one unrelated Spectre observed
2026-10-07T19:48:25Z	performance	完成60个实际配对作业并保留Flash整体回退	瞬态CPU收益不能掩盖冷编译增加；其他四候选五对均改善工作量和进程时间	runs/benchmark-first-batch-20261008/performance-all-analysis-v1.json;8b833ff5;runs/benchmark-first-batch-20261008/performance-window-end-v1.txt	60 functional pass; four candidates proceed to formal review; flash not admitted; observed background Spectre ownership unknown, supersedes prior unrelated attribution
2026-10-07T19:49:19Z	evidence	核验381份封存归档并为30题保留当前与历史两套分母	实际数值覆盖、模型得分和当前整包执行是不同声明；已改固定依赖为主分支可达提交	experiments/benchmark_first_batch/calibration_receipt.json;experiments/benchmark_first_batch/CALIBRATION.md	30 references/97 conditions pass;110 negative variants all rejected by at least1 graded condition;3 historic compile failures retained;no new simulation during audit
2026-10-07T19:51:02Z	review	关闭Agentic归档审计两项独立P1发现	非空verifier分数不能代替完整实际波形与唯一封存终评身份	runs/benchmark-first-batch-20261008/agentic-p1-closure-review.md;experiments/benchmark_first_batch/agentic/test_audit.py	normal and optimized Python 8/8 each; real v4 pass and missing-candidate failure reaudited; no remote rerun
2026-10-07T20:03:24Z	runtime	保留性能首轮三次配置拒绝并切换受支持归档配置	现有harness硬上限256MiB，已部署的1GiB配置不代表验证通过；同ID查询和远端错误明确无仿真启动	runs/benchmark-first-batch-20261008/optimization-formal-reference-v1/plan.json.results.json;runs/benchmark-first-batch-20261008/optimization-formal-reference-v1/optimize-power-monitor/reference/profile-diagnostic.stdout	3 configuration errors, fourth not started; new900s256MiB profile deployed; complete paired PSF lossless compression implementation pending
2026-10-07T20:20:20Z	review	接纳完整paired波形无损保存修正并开始Flash事件扫描取证	独立审查通过不代表正式远端已过；Flash旧二分实现整体变慢，保留旧失败并改测采样事件内线性扫描	8e4a7a18;runs/benchmark-first-batch-20261008/review-lossless-psf.md;runs/benchmark-first-batch-20261008/flash-event-only-pairs-v2/hypothesis.json	47 local tests pass; four actual historic PSF roundtrips pass; fresh quiet12 started, no admission yet
2026-10-07T20:20:20Z	agentic	保留Flash预算超时和旧profile导致的未评分终评，修正后以新attempt运行	Agent真实轨迹不能抹去，基础设施失败不能当候选零分；公开工具外层envelope也需明示	c726ef3f;runs/benchmark-first-batch-20261008/runtime-inventory/flash-final-recovery-plan-v1.json	old trial score null; frozen candidate/package retained; posthoc recovery and corrected12 matrix prepared only
2026-10-07T20:22:00Z	performance	Flash事件内扫描达到事前CPU门槛并启动正式准入审查	五对既减少瞬态CPU也改善整个求解进程时间，步数与固定转换负载相同	runs/benchmark-first-batch-20261008/flash-event-only-pairs-v2/analysis.json;runs/benchmark-first-batch-20261008/flash-event-only-pairs-v2/host-start.txt;runs/benchmark-first-batch-20261008/flash-event-only-pairs-v2/host-end.txt	12/12functional;CPU4.20408to3.96201;process3.32154to3.07103;5of5win;review pending;quiet released to root3+runtime1
2026-10-07T20:25:54Z	calibration	四个正式优化参考完成全部条件并启动24负例	实际900s256MiB profile已成功收回完整归档；需要继续检验功能错版与无效优化的不同拒绝路径	runs/benchmark-first-batch-20261008/optimization-formal-reference-v2/plan.json.results.json;runs/optimization-formal-negatives-v2/queue.json	4 references12 conditions pass; maximum retained archive inventory47.46MB; full sealed gzip replay pending;24negative72condition queue started workers3
2026-10-07T20:38:14Z	admission	生成第五道Flash正式资产并固定35题范围	独立审查actual quiet12和两侧全3条件原始波形，CPU评分与wholeprocess参考准入分别声明	ba65bfd5;runs/benchmark-first-batch-20261008/review-flash-admission.md;runs/benchmark-first-batch-20261008/flash-formal-calibration-v1/matrix.json	35 assets7x5; 32sourcegroups; Flash reference6negative and CPU-only binary alternative24conditions started; not yet35calibrated
2026-10-07T20:38:14Z	review	修正CI外部依赖入口并保留formal审计两处发现	本地带harness通过不等于stdlib CI可执行；完整封存检查还须防状态矛盾和减小条件分母	bc820438;runs/benchmark-first-batch-20261008/ci-equivalent-v2/13.log;runs/optimization-formal-negatives-v2/queue.json.results.json	13CIcommands pass, agentic import failed then explicit integration skip fixed;24negative72conditions all graded reject somewhere; audit P2 fixes pending
2026-10-07T20:41:16Z	review	关闭校准清单空集、重复与漏条件风险	结果须与冻结计划的完整条件集合一致，不能利用缩小分母制造通过	a2c06b06;runs/benchmark-first-batch-20261008/calibration-p2-closure-review.md	7 tests normal/-O passed;144prepared inventories and30registry rows independently checked
2026-10-07T20:41:16Z	review	明确公开工具协议、阶段结束冻结和未评分基础设施档案	工具预算错误本身不冻结候选，未评分封存不能伪装零分或删除	fb852018;runs/benchmark-first-batch-20261008/review-agentic-protocol-infra.md	3 real protocol tests and8 audit tests pass; original ungraded archive retained
2026-10-07T20:41:16Z	recovery	对Flash原冻结提交完成一次明确标记的事后终评恢复	旧终评误用部署profile；恢复必须保持原候选与题包，不再调用模型	runs/benchmark-first-batch-20261008/runtime-inventory/comparator-flash-budget-v3-posthoc-final-v1/evaluation.json;runs/benchmark-first-batch-20261008/runtime-inventory/comparator-flash-budget-v3-posthoc-final-v1/sealed-audit.json;runs/benchmark-first-batch-20261008/runtime-inventory/comparator-flash-budget-v3-posthoc-final-v1/outcome-summary.json	twoactualgradedcases,taskscore0; original1200s timeout and dependency_unavailable retained separately
2026-10-07T20:41:17Z	agentic	冻结两endpoint与七代表题共14单元主试跑计划并串行启动	新attempt使用明确的公开协议和实际验证的profile；不重写旧探索试跑	runs/benchmark-first-batch-20261008/runtime-inventory/pilot-fixed-plan-v2.json;runs/benchmark-first-batch-20261008/runtime-inventory/portable-matrix-preparation-v6.json	14fixedtargets;1200s agentphase,80actions,16public simulations,65536 outputceiling;normal profile and VCO performance-v2;running,notcompleted
2026-10-07T20:50:43Z	review	关闭正式优化封存审计两项P2并保留信任边界	完整result需与报告投影一致，每个variant必须覆盖当前全部条件，固定matrix之外的未声明variant不受此审计保证	75d41327;b3f55d6d;runs/benchmark-first-batch-20261008/review-formal-audit.md	normal/-O各14tests通过；真实power reference3条件核验通过；root全108条件审计运行中
2026-10-07T20:50:43Z	verification	完成当前本地CI对应检查和35份Harbor配置解析	本地测试、格式可用和实际后端校准各自给出证据，不互相代替	02e03f5d;runs/benchmark-first-batch-20261008/ci-equivalent-v3/summary.json;runs/benchmark-first-batch-20261008/harbor-task-configs-v2.json	14命令退出0；202测试含6明确skip；35配置静态通过；未新增模型或Spectre调用
2026-10-07T20:52:00Z	protocol	保留固定14试跑的有限EVAS公开反馈，不改用host Spectre profile	现有harness支持remote public但要求隔离Docker与独立目录；当前远端Docker无权限且现有profile均host，不能复用终评部署冒充公开仿真	harness@f7fdff155bd9e5f52bb6db7822ac73db2a6ccbc7;runs/benchmark-first-batch-20261008/runtime-inventory/probes/remote-readonly.stdout	只读确认；未修改harness或远端权限；pilot只解释为受限工具条件下结果，不据此证明难度
2026-10-07T20:56:28Z	calibration	完成五道优化题全部正式封存审计并将35题计为已校准资产	参考、负例与合法替代均核验实际主波形及全部已执行配对，所有固定条件保留在分母内	728e0d92;experiments/benchmark_first_batch/optimization/formal_calibration_receipt.json;runs/benchmark-first-batch-20261008/optimization-formal-combined-v1/sealed-audit.json	108主条件和192paired求解核验；36候选期待均满足；5refs15pass、equiv3pass、30negative90条件中63semantic+5performance拒绝及22pass；pending0
2026-10-07T20:56:28Z	evidence-correction	更正正式说明的语义与混合负例分项计数	初稿从总数推断混合负例全部拒绝；实际按receipt角色聚合有一个局部通过，不改变总数或判分	c55f8a0b;experiments/benchmark_first_batch/optimization/FORMAL_CALIBRATION.md;experiments/benchmark_first_batch/optimization/formal_calibration_receipt.json	semantic72条件=61拒绝11通过；mixed3条件=2拒绝1通过；总分母108及36候选结论不变
2026-10-07T20:56:28Z	evidence-correction	以新v3只读部署观测替代误指的旧public probe	先前remote-readonly是tcsh失败；worker刷新错误覆盖原v2输出，不能将已覆盖文件继续作为部署证据	runs/benchmark-first-batch-20261008/runtime-inventory/probes/remote-readonly-v3.stdout;runs/benchmark-first-batch-20261008/runtime-inventory/probes/readonly-probe-retention-incident-v1.json;runs/benchmark-first-batch-20261008/runtime-inventory/probes/remote-public-interface-readonly-summary.json	新v3 SSH0且Docker permission denied/isolated public profile0；旧v2输出无法恢复的事实保留；模型候选和终评证据未受影响
2026-10-07T20:56:41Z	evidence-correction	更正上一条部署汇总和留存事故的目录指针	两份JSON位于runtime-inventory根目录而非probes子目录；v3.stdout指针正确	runs/benchmark-first-batch-20261008/runtime-inventory/readonly-probe-retention-incident-v1.json;runs/benchmark-first-batch-20261008/runtime-inventory/remote-public-interface-readonly-summary.json	两个实际文件存在；上一条结果不变，按本条JSON定位
2026-10-07T21:02:49Z	publication	推送35题校准资产并创建正式PR105，继续固定14模型试跑	用户已授权commit push正式PR且禁止merge；先启动远端CI，当前正文明确pilot进行中，不把未完成评测称完成	3da672a6;https://github.com/BucketSran/vaEVAS/pull/105;runs/benchmark-first-batch-20261008/pr-first-publication.json;runs/benchmark-first-batch-20261008/review-trail-pr-first-version.md	正式非draft PR已附任务；CI启动未合并；c11367b4/c826fd17/8e4a7a18固定依赖GitHub API均可访问；五worker与raw保留
2026-10-07T21:12:45Z	ci-correction	修复Linux解析fixture精确零断言并验证评分边界不变	GitHub首批13项辨识测试有3处1e-16到1e-14舍入差；只给未修改通道1e-12断言界限，保留负例拒绝及正式判分容差	runs/benchmark-first-batch-20261008/ci-first-batch-first-failure.log;runs/benchmark-first-batch-20261008/ci-pll-linux-red.log;runs/benchmark-first-batch-20261008/ci-pll-linux-green.log;runs/benchmark-first-batch-20261008/ci-pll-macos-green.log;runs/benchmark-first-batch-20261008/ci-first-batch-linux-exec-tmp-v1.log;runs/benchmark-first-batch-20261008/review-spec-followup.md	本地Linux red为8测试3失败；Linux和Mac green各13通过；完整Linux首批8组测试通过含明确依赖跳过；独立审查无finding，未改正式checker/cases，无重跑Spectre
2026-10-07T21:12:45Z	local-check-correction	保留Docker首次全组检查的环境失败，不将其计为通过	root添加readonly与tmpfs隔离时/tmp默认noexec导致2个进程fixture PermissionError；真实CI第一组已通过	runs/benchmark-first-batch-20261008/ci-first-batch-linux-green.log;runs/benchmark-first-batch-20261008/ci-first-batch-linux-exec-tmp-v1.log	旧green命名日志实际失败并完整保留；/proc/mounts和临时可执行脚本确认noexec；增加tmpfs exec后8组通过，未改任务代码
