time_s,vin_V,track_V,out_V
0,0.9,1,0
1.45e-07,0.9,1,0.0345881038318
2.9e-07,0.9,1,0.0678469444118
4.35e-07,0.9,1,0.099827606957
5.8e-07,0.9,1,0.130579213417
7.25e-07,0.9,1,0.160148997924
8.7e-07,0.9,1,0.188582379347
1.015e-06,0.9,1,0.215923031048
1.16e-06,0.9,1,0.242212947971
1.305e-06,0.9,1,0.267492511143
1.45e-06,0.9,1,0.291800549698
1.595e-06,0.9,1,0.315174400517
1.74e-06,0.9,1,0.337649965582
1.885e-06,0.9,1,0.359261767116
2.03e-06,0.9,1,0.38004300061
2.175e-06,0.9,1,0.400025585813
2.32e-06,0.9,1,0.419240215759
2.465e-06,0.9,1,0.437716403909
2.61e-06,0.9,1,0.455482529489
2.755e-06,0.9,1,0.472565881072
2.9e-06,0.9,1,0.488992698502
3.045e-06,0.9,1,0.504788213191
3.19e-06,0.9,1,0.519976686877
3.335e-06,0.9,1,0.534581448891
3.48e-06,0.9,1,0.548624931989
3.625e-06,0.9,1,0.562128706807
3.77e-06,0.9,1,0.575113514997
3.915e-06,0.9,1,0.587599301082
4.06e-06,0.9,1,0.599605243095
4.205e-06,0.9,1,0.611149782031
4.35e-06,0.9,1,0.622250650176
4.495e-06,0.9,1,0.632924898344
4.64e-06,0.9,1,0.643188922063
4.785e-06,0.9,1,0.653058486761
4.93e-06,0.9,1,0.662548751984
5.075e-06,0.9,1,0.671674294674
5.22e-06,0.9,1,0.680449131567
5.365e-06,0.9,1,0.688886740716
5.51e-06,0.9,1,0.697000082196
5.655e-06,0.9,1,0.704801618013
5.8e-06,0.9,1,0.712303331239
5.945e-06,0.9,1,0.719516744426
6.09e-06,0.9,1,0.726452937297
6.235e-06,0.9,1,0.733122563768
6.38e-06,0.9,1,0.739535868315
6.525e-06,0.9,1,0.745702701701
6.67e-06,0.9,1,0.751632536117
6.815e-06,0.9,1,0.757334479724
6.96e-06,0.9,1,0.762817290645
7.105e-06,0.9,1,0.768089390417
7.25e-06,0.9,1,0.773158876929
7.395e-06,0.9,1,0.778033536857
7.54e-06,0.9,1,0.782720857625
7.685e-06,0.9,1,0.787228038907
7.83e-06,0.9,1,0.791562003684
7.975e-06,0.9,1,0.795729408879
8.12e-06,0.9,1,0.799736655582
8.265e-06,0.9,1,0.803589898879
8.41e-06,0.9,1,0.80729505731
8.555e-06,0.9,1,0.810857821958
8.7e-06,0.9,1,0.814283665192
8.845e-06,0.9,1,0.817577849068
8.99e-06,0.9,1,0.820745433417
9.135e-06,0.9,1,0.823791283615
9.28e-06,0.9,1,0.826720078054
9.425e-06,0.9,1,0.829536315331
9.57e-06,0.9,1,0.832244321155
9.715e-06,0.9,1,0.834848254994
9.86e-06,0.9,1,0.837352116462
1.0005e-05,0.9,1,0.839759751463
1.015e-05,0.9,1,0.842074858097
1.0295e-05,0.9,1,0.844300992345
1.044e-05,0.9,1,0.846441573523
1.0585e-05,0.9,1,0.84849988954
1.073e-05,0.9,1,0.850479101949
1.0875e-05,0.9,1,0.852382250798
1.102e-05,0.9,1,0.854212259302
1.1165e-05,0.9,1,0.855971938335
1.131e-05,0.9,1,0.857663990744
1.1455e-05,0.9,1,0.859291015504
1.16e-05,0.9,1,0.860855511707
1.1745e-05,0.9,1,0.862359882402
1.189e-05,0.9,1,0.863806438286
1.1998e-05,0.9,1,0.864847629321
1.2002e-05,0.9,0,0.866690928081
1.2035e-05,0.9,0,0.866690532081
1.218e-05,0.9,0,0.866688792081
1.2325e-05,0.9,0,0.866687052081
1.247e-05,0.9,0,0.866685312081
1.2615e-05,0.9,0,0.866683572081
1.276e-05,0.9,0,0.866681832081
1.2905e-05,0.9,0,0.866680092081
1.305e-05,0.9,0,0.866678352081
1.3195e-05,0.9,0,0.866676612081
1.334e-05,0.9,0,0.866674872081
1.3485e-05,0.9,0,0.866673132081
1.363e-05,0.9,0,0.866671392081
1.3775e-05,0.9,0,0.866669652081
1.392e-05,0.9,0,0.866667912081
1.4065e-05,0.9,0,0.866666172081
1.421e-05,0.9,0,0.866664432081
1.4355e-05,0.9,0,0.866662692081
1.45e-05,0.9,0,0.866660952081
1.4645e-05,0.9,0,0.866659212081
1.479e-05,0.9,0,0.866657472081
1.4935e-05,0.9,0,0.866655732081
1.508e-05,0.9,0,0.866653992081
1.5225e-05,0.9,0,0.866652252081
1.537e-05,0.9,0,0.866650512081
1.5515e-05,0.9,0,0.866648772081
1.566e-05,0.9,0,0.866647032081
1.5805e-05,0.9,0,0.866645292081
1.595e-05,0.9,0,0.866643552081
1.6095e-05,0.9,0,0.866641812081
1.624e-05,0.9,0,0.866640072081
1.6385e-05,0.9,0,0.866638332081
1.653e-05,0.9,0,0.866636592081
1.6675e-05,0.9,0,0.866634852081
1.682e-05,0.9,0,0.866633112081
1.6965e-05,0.9,0,0.866631372081
1.711e-05,0.9,0,0.866629632081
1.7255e-05,0.9,0,0.866627892081
1.74e-05,0.9,0,0.866626152081
1.7545e-05,0.9,0,0.866624412081
1.769e-05,0.9,0,0.866622672081
1.7835e-05,0.9,0,0.866620932081
1.798e-05,0.9,0,0.866619192081
1.8125e-05,0.9,0,0.866617452081
1.827e-05,0.9,0,0.866615712081
1.8415e-05,0.9,0,0.866613972081
1.856e-05,0.9,0,0.866612232081
1.8705e-05,0.9,0,0.866610492081
1.885e-05,0.9,0,0.866608752081
1.8995e-05,0.9,0,0.866607012081
1.914e-05,0.9,0,0.866605272081
1.9285e-05,0.9,0,0.866603532081
1.943e-05,0.9,0,0.866601792081
1.9575e-05,0.9,0,0.866600052081
1.972e-05,0.9,0,0.866598312081
1.9865e-05,0.9,0,0.866596572081
2.001e-05,0.9,0,0.866594832081
2.0155e-05,0.9,0,0.866593092081
2.03e-05,0.9,0,0.866591352081
2.0445e-05,0.9,0,0.866589612081
2.059e-05,0.9,0,0.866587872081
2.0735e-05,0.9,0,0.866586132081
2.088e-05,0.9,0,0.866584392081
2.1025e-05,0.9,0,0.866582652081
2.117e-05,0.9,0,0.866580912081
2.1315e-05,0.9,0,0.866579172081
2.146e-05,0.9,0,0.866577432081
2.1605e-05,0.9,0,0.866575692081
2.175e-05,0.9,0,0.866573952081
2.1895e-05,0.9,0,0.866572212081
2.204e-05,0.9,0,0.866570472081
2.2185e-05,0.9,0,0.866568732081
2.233e-05,0.9,0,0.866566992081
2.2475e-05,0.9,0,0.866565252081
2.262e-05,0.9,0,0.866563512081
2.2765e-05,0.9,0,0.866561772081
2.291e-05,0.9,0,0.866560032081
2.3055e-05,0.9,0,0.866558292081
2.32e-05,0.9,0,0.866556552081
2.3345e-05,0.9,0,0.866554812081
2.349e-05,0.9,0,0.866553072081
2.3635e-05,0.9,0,0.866551332081
2.378e-05,0.9,0,0.866549592081
2.3925e-05,0.9,0,0.866547852081
2.407e-05,0.9,0,0.866546112081
2.4215e-05,0.9,0,0.866544372081
2.436e-05,0.9,0,0.866542632081
2.4505e-05,0.9,0,0.866540892081
2.465e-05,0.9,0,0.866539152081
2.4795e-05,0.9,0,0.866537412081
2.494e-05,0.9,0,0.866535672081
2.5085e-05,0.9,0,0.866533932081
2.523e-05,0.9,0,0.866532192081
2.5375e-05,0.9,0,0.866530452081
2.552e-05,0.9,0,0.866528712081
2.5665e-05,0.9,0,0.866526972081
2.581e-05,0.9,0,0.866525232081
2.5955e-05,0.9,0,0.866523492081
2.61e-05,0.9,0,0.866521752081
2.6245e-05,0.9,0,0.866520012081
2.639e-05,0.9,0,0.866518272081
2.6535e-05,0.9,0,0.866516532081
2.668e-05,0.9,0,0.866514792081
2.6825e-05,0.9,0,0.866513052081
2.697e-05,0.9,0,0.866511312081
2.7115e-05,0.9,0,0.866509572081
2.726e-05,0.9,0,0.866507832081
2.7405e-05,0.9,0,0.866506092081
2.755e-05,0.9,0,0.866504352081
2.7695e-05,0.9,0,0.866502612081
2.784e-05,0.9,0,0.866500872081
2.7985e-05,0.9,0,0.866499132081
2.813e-05,0.9,0,0.866497392081
2.8275e-05,0.9,0,0.866495652081
2.842e-05,0.9,0,0.866493912081
2.8565e-05,0.9,0,0.866492172081
2.871e-05,0.9,0,0.866490432081
2.8855e-05,0.9,0,0.866488692081
2.9e-05,0.9,0,0.866486952081
2.9145e-05,0.9,0,0.866485212081
2.929e-05,0.9,0,0.866483472081
2.9435e-05,0.9,0,0.866481732081
2.958e-05,0.9,0,0.866479992081
2.9725e-05,0.9,0,0.866478252081
2.987e-05,0.9,0,0.866476512081
3.0015e-05,0.9,0,0.866474772081
3.016e-05,0.9,0,0.866473032081
3.0305e-05,0.9,0,0.866471292081
3.045e-05,0.9,0,0.866469552081
3.0595e-05,0.9,0,0.866467812081
3.074e-05,0.9,0,0.866466072081
3.0885e-05,0.9,0,0.866464332081
3.103e-05,0.9,0,0.866462592081
3.1175e-05,0.9,0,0.866460852081
3.132e-05,0.9,0,0.866459112081
3.1465e-05,0.9,0,0.866457372081
3.161e-05,0.9,0,0.866455632081
3.1755e-05,0.9,0,0.866453892081
3.19e-05,0.9,0,0.866452152081
3.2045e-05,0.9,0,0.866450412081
3.219e-05,0.9,0,0.866448672081
3.2335e-05,0.9,0,0.866446932081
3.248e-05,0.9,0,0.866445192081
3.2625e-05,0.9,0,0.866443452081
3.277e-05,0.9,0,0.866441712081
3.2915e-05,0.9,0,0.866439972081
3.306e-05,0.9,0,0.866438232081
3.3205e-05,0.9,0,0.866436492081
3.335e-05,0.9,0,0.866434752081
3.3495e-05,0.9,0,0.866433012081
3.364e-05,0.9,0,0.866431272081
3.3785e-05,0.9,0,0.866429532081
3.393e-05,0.9,0,0.866427792081
3.4075e-05,0.9,0,0.866426052081
3.422e-05,0.9,0,0.866424312081
3.4365e-05,0.9,0,0.866422572081
3.451e-05,0.9,0,0.866420832081
3.4655e-05,0.9,0,0.866419092081
3.48e-05,0.9,0,0.866417352081
3.4945e-05,0.9,0,0.866415612081
3.509e-05,0.9,0,0.866413872081
3.5235e-05,0.9,0,0.866412132081
3.538e-05,0.9,0,0.866410392081
3.5525e-05,0.9,0,0.866408652081
3.567e-05,0.9,0,0.866406912081
3.5815e-05,0.9,0,0.866405172081
3.596e-05,0.9,0,0.866403432081
3.6105e-05,0.9,0,0.866401692081
3.625e-05,0.9,0,0.866399952081
3.6395e-05,0.9,0,0.866398212081
3.654e-05,0.9,0,0.866396472081
3.6685e-05,0.9,0,0.866394732081
3.683e-05,0.9,0,0.866392992081
3.6975e-05,0.9,0,0.866391252081
3.712e-05,0.9,0,0.866389512081
3.7265e-05,0.9,0,0.866387772081
3.741e-05,0.9,0,0.866386032081
3.7555e-05,0.9,0,0.866384292081
3.77e-05,0.9,0,0.866382552081
3.7845e-05,0.9,0,0.866380812081
3.799e-05,0.9,0,0.866379072081
3.8135e-05,0.9,0,0.866377332081
3.828e-05,0.9,0,0.866375592081
3.8425e-05,0.9,0,0.866373852081
3.857e-05,0.9,0,0.866372112081
3.8715e-05,0.9,0,0.866370372081
3.886e-05,0.9,0,0.866368632081
3.9005e-05,0.9,0,0.866366892081
3.915e-05,0.9,0,0.866365152081
3.9295e-05,0.9,0,0.866363412081
3.944e-05,0.9,0,0.866361672081
3.9585e-05,0.9,0,0.866359932081
3.973e-05,0.9,0,0.866358192081
3.9875e-05,0.9,0,0.866356452081
4.002e-05,0.9,0,0.866354712081
4.0165e-05,0.9,0,0.866352972081
4.031e-05,0.9,0,0.866351232081
4.0455e-05,0.9,0,0.866349492081
4.06e-05,0.9,0,0.866347752081
4.0745e-05,0.9,0,0.866346012081
4.089e-05,0.9,0,0.866344272081
4.1035e-05,0.9,0,0.866342532081
4.118e-05,0.9,0,0.866340792081
4.1325e-05,0.9,0,0.866339052081
4.147e-05,0.9,0,0.866337312081
4.1615e-05,0.9,0,0.866335572081
4.176e-05,0.9,0,0.866333832081
4.1905e-05,0.9,0,0.866332092081
4.205e-05,0.9,0,0.866330352081
4.2195e-05,0.9,0,0.866328612081
4.234e-05,0.9,0,0.866326872081
4.2485e-05,0.9,0,0.866325132081
4.263e-05,0.9,0,0.866323392081
4.2775e-05,0.9,0,0.866321652081
4.292e-05,0.9,0,0.866319912081
4.3065e-05,0.9,0,0.866318172081
4.321e-05,0.9,0,0.866316432081
4.3355e-05,0.9,0,0.866314692081
4.35e-05,0.9,0,0.866312952081
4.3645e-05,0.9,0,0.866311212081
4.379e-05,0.9,0,0.866309472081
4.3935e-05,0.9,0,0.866307732081
4.408e-05,0.9,0,0.866305992081
4.4225e-05,0.9,0,0.866304252081
4.437e-05,0.9,0,0.866302512081
4.4515e-05,0.9,0,0.866300772081
4.466e-05,0.9,0,0.866299032081
4.4805e-05,0.9,0,0.866297292081
4.495e-05,0.9,0,0.866295552081
4.5095e-05,0.9,0,0.866293812081
4.524e-05,0.9,0,0.866292072081
4.5385e-05,0.9,0,0.866290332081
4.553e-05,0.9,0,0.866288592081
4.5675e-05,0.9,0,0.866286852081
4.582e-05,0.9,0,0.866285112081
4.5965e-05,0.9,0,0.866283372081
4.611e-05,0.9,0,0.866281632081
4.6255e-05,0.9,0,0.866279892081
4.64e-05,0.9,0,0.866278152081
4.6545e-05,0.9,0,0.866276412081
4.669e-05,0.9,0,0.866274672081
4.6835e-05,0.9,0,0.866272932081
4.698e-05,0.9,0,0.866271192081
4.7125e-05,0.9,0,0.866269452081
4.727e-05,0.9,0,0.866267712081
4.7415e-05,0.9,0,0.866265972081
4.756e-05,0.9,0,0.866264232081
4.7705e-05,0.9,0,0.866262492081
4.785e-05,0.9,0,0.866260752081
4.7995e-05,0.9,0,0.866259012081
4.814e-05,0.9,0,0.866257272081
4.8285e-05,0.9,0,0.866255532081
4.843e-05,0.9,0,0.866253792081
4.8575e-05,0.9,0,0.866252052081
4.872e-05,0.9,0,0.866250312081
4.8865e-05,0.9,0,0.866248572081
4.901e-05,0.9,0,0.866246832081
4.9155e-05,0.9,0,0.866245092081
4.93e-05,0.9,0,0.866243352081
4.9445e-05,0.9,0,0.866241612081
4.959e-05,0.9,0,0.866239872081
4.9735e-05,0.9,0,0.866238132081
4.988e-05,0.9,0,0.866236392081
5.0025e-05,0.9,0,0.866234652081
5.017e-05,0.9,0,0.866232912081
5.0315e-05,0.9,0,0.866231172081
5.046e-05,0.9,0,0.866229432081
5.0605e-05,0.9,0,0.866227692081
5.075e-05,0.9,0,0.866225952081
5.0895e-05,0.9,0,0.866224212081
5.104e-05,0.9,0,0.866222472081
5.1185e-05,0.9,0,0.866220732081
5.133e-05,0.9,0,0.866218992081
5.1475e-05,0.9,0,0.866217252081
5.162e-05,0.9,0,0.866215512081
5.1765e-05,0.9,0,0.866213772081
5.191e-05,0.9,0,0.866212032081
5.2055e-05,0.9,0,0.866210292081
5.22e-05,0.9,0,0.866208552081
5.2345e-05,0.9,0,0.866206812081
5.249e-05,0.9,0,0.866205072081
5.2635e-05,0.9,0,0.866203332081
5.278e-05,0.9,0,0.866201592081
5.2925e-05,0.9,0,0.866199852081
5.307e-05,0.9,0,0.866198112081
5.3215e-05,0.9,0,0.866196372081
5.336e-05,0.9,0,0.866194632081
5.3505e-05,0.9,0,0.866192892081
5.365e-05,0.9,0,0.866191152081
5.3795e-05,0.9,0,0.866189412081
5.394e-05,0.9,0,0.866187672081
5.4085e-05,0.9,0,0.866185932081
5.423e-05,0.9,0,0.866184192081
5.4375e-05,0.9,0,0.866182452081
5.452e-05,0.9,0,0.866180712081
5.4665e-05,0.9,0,0.866178972081
5.481e-05,0.9,0,0.866177232081
5.4955e-05,0.9,0,0.866175492081
5.51e-05,0.9,0,0.866173752081
5.5245e-05,0.9,0,0.866172012081
5.539e-05,0.9,0,0.866170272081
5.5535e-05,0.9,0,0.866168532081
5.568e-05,0.9,0,0.866166792081
5.5825e-05,0.9,0,0.866165052081
5.597e-05,0.9,0,0.866163312081
5.6115e-05,0.9,0,0.866161572081
5.626e-05,0.9,0,0.866159832081
5.6405e-05,0.9,0,0.866158092081
5.655e-05,0.9,0,0.866156352081
5.6695e-05,0.9,0,0.866154612081
5.684e-05,0.9,0,0.866152872081
5.6985e-05,0.9,0,0.866151132081
5.713e-05,0.9,0,0.866149392081
5.7275e-05,0.9,0,0.866147652081
5.742e-05,0.9,0,0.866145912081
5.7565e-05,0.9,0,0.866144172081
5.771e-05,0.9,0,0.866142432081
5.7855e-05,0.9,0,0.866140692081
5.8e-05,0.9,0,0.866138952081
5.8145e-05,0.9,0,0.866137212081
5.829e-05,0.9,0,0.866135472081
5.8435e-05,0.9,0,0.866133732081
5.858e-05,0.9,0,0.866131992081
5.8725e-05,0.9,0,0.866130252081
5.887e-05,0.9,0,0.866128512081
5.9015e-05,0.9,0,0.866126772081
5.916e-05,0.9,0,0.866125032081
5.9305e-05,0.9,0,0.866123292081
5.945e-05,0.9,0,0.866121552081
5.9595e-05,0.9,0,0.866119812081
5.974e-05,0.9,0,0.866118072081
5.9885e-05,0.9,0,0.866116332081
6.003e-05,0.9,0,0.866114592081
6.0175e-05,0.9,0,0.866112852081
6.032e-05,0.9,0,0.866111112081
6.0465e-05,0.9,0,0.866109372081
6.061e-05,0.9,0,0.866107632081
6.0755e-05,0.9,0,0.866105892081
6.09e-05,0.9,0,0.866104152081
6.1045e-05,0.9,0,0.866102412081
6.119e-05,0.9,0,0.866100672081
6.1335e-05,0.9,0,0.866098932081
6.148e-05,0.9,0,0.866097192081
6.1625e-05,0.9,0,0.866095452081
6.177e-05,0.9,0,0.866093712081
6.1915e-05,0.9,0,0.866091972081
6.206e-05,0.9,0,0.866090232081
6.2205e-05,0.9,0,0.866088492081
6.235e-05,0.9,0,0.866086752081
6.2495e-05,0.9,0,0.866085012081
6.264e-05,0.9,0,0.866083272081
6.2785e-05,0.9,0,0.866081532081
6.293e-05,0.9,0,0.866079792081
6.3075e-05,0.9,0,0.866078052081
6.322e-05,0.9,0,0.866076312081
6.3365e-05,0.9,0,0.866074572081
6.351e-05,0.9,0,0.866072832081
6.3655e-05,0.9,0,0.866071092081
6.38e-05,0.9,0,0.866069352081
6.3945e-05,0.9,0,0.866067612081
6.409e-05,0.9,0,0.866065872081
6.4235e-05,0.9,0,0.866064132081
6.438e-05,0.9,0,0.866062392081
6.4525e-05,0.9,0,0.866060652081
6.467e-05,0.9,0,0.866058912081
6.4815e-05,0.9,0,0.866057172081
6.496e-05,0.9,0,0.866055432081
6.5105e-05,0.9,0,0.866053692081
6.525e-05,0.9,0,0.866051952081
6.5395e-05,0.9,0,0.866050212081
6.554e-05,0.9,0,0.866048472081
6.5685e-05,0.9,0,0.866046732081
6.583e-05,0.9,0,0.866044992081
6.5975e-05,0.9,0,0.866043252081
6.612e-05,0.9,0,0.866041512081
6.6265e-05,0.9,0,0.866039772081
6.641e-05,0.9,0,0.866038032081
6.6555e-05,0.9,0,0.866036292081
6.67e-05,0.9,0,0.866034552081
6.6845e-05,0.9,0,0.866032812081
6.699e-05,0.9,0,0.866031072081
6.7135e-05,0.9,0,0.866029332081
6.728e-05,0.9,0,0.866027592081
6.7425e-05,0.9,0,0.866025852081
6.757e-05,0.9,0,0.866024112081
6.7715e-05,0.9,0,0.866022372081
6.786e-05,0.9,0,0.866020632081
6.8005e-05,0.9,0,0.866018892081
6.815e-05,0.9,0,0.866017152081
6.8295e-05,0.9,0,0.866015412081
6.844e-05,0.9,0,0.866013672081
6.8585e-05,0.9,0,0.866011932081
6.873e-05,0.9,0,0.866010192081
6.8875e-05,0.9,0,0.866008452081
6.902e-05,0.9,0,0.866006712081
6.9165e-05,0.9,0,0.866004972081
6.931e-05,0.9,0,0.866003232081
6.9455e-05,0.9,0,0.866001492081
6.96e-05,0.9,0,0.865999752081
6.9745e-05,0.9,0,0.865998012081
6.989e-05,0.9,0,0.865996272081
7.0035e-05,0.9,0,0.865994532081
7.018e-05,0.9,0,0.865992792081
7.0325e-05,0.9,0,0.865991052081
7.047e-05,0.9,0,0.865989312081
7.0615e-05,0.9,0,0.865987572081
7.076e-05,0.9,0,0.865985832081
7.0905e-05,0.9,0,0.865984092081
7.105e-05,0.9,0,0.865982352081
7.1195e-05,0.9,0,0.865980612081
7.134e-05,0.9,0,0.865978872081
7.1485e-05,0.9,0,0.865977132081
7.163e-05,0.9,0,0.865975392081
7.1775e-05,0.9,0,0.865973652081
7.192e-05,0.9,0,0.865971912081
7.2065e-05,0.9,0,0.865970172081
7.221e-05,0.9,0,0.865968432081
7.2355e-05,0.9,0,0.865966692081
7.25e-05,0.9,0,0.865964952081
7.2645e-05,0.9,0,0.865963212081
7.279e-05,0.9,0,0.865961472081
7.2935e-05,0.9,0,0.865959732081
7.308e-05,0.9,0,0.865957992081
7.3225e-05,0.9,0,0.865956252081
7.337e-05,0.9,0,0.865954512081
7.3515e-05,0.9,0,0.865952772081
7.366e-05,0.9,0,0.865951032081
7.3805e-05,0.9,0,0.865949292081
7.395e-05,0.9,0,0.865947552081
7.4095e-05,0.9,0,0.865945812081
7.424e-05,0.9,0,0.865944072081
7.4385e-05,0.9,0,0.865942332081
7.453e-05,0.9,0,0.865940592081
7.4675e-05,0.9,0,0.865938852081
7.482e-05,0.9,0,0.865937112081
7.4965e-05,0.9,0,0.865935372081
7.511e-05,0.9,0,0.865933632081
7.5255e-05,0.9,0,0.865931892081
7.54e-05,0.9,0,0.865930152081
7.5545e-05,0.9,0,0.865928412081
7.569e-05,0.9,0,0.865926672081
7.5835e-05,0.9,0,0.865924932081
7.598e-05,0.9,0,0.865923192081
7.6125e-05,0.9,0,0.865921452081
7.627e-05,0.9,0,0.865919712081
7.6415e-05,0.9,0,0.865917972081
7.656e-05,0.9,0,0.865916232081
7.6705e-05,0.9,0,0.865914492081
7.685e-05,0.9,0,0.865912752081
7.6995e-05,0.9,0,0.865911012081
7.714e-05,0.9,0,0.865909272081
7.7285e-05,0.9,0,0.865907532081
7.743e-05,0.9,0,0.865905792081
7.7575e-05,0.9,0,0.865904052081
7.772e-05,0.9,0,0.865902312081
7.7865e-05,0.9,0,0.865900572081
7.801e-05,0.9,0,0.865898832081
7.8155e-05,0.9,0,0.865897092081
7.83e-05,0.9,0,0.865895352081
7.8445e-05,0.9,0,0.865893612081
7.859e-05,0.9,0,0.865891872081
7.8735e-05,0.9,0,0.865890132081
7.888e-05,0.9,0,0.865888392081
7.9025e-05,0.9,0,0.865886652081
7.917e-05,0.9,0,0.865884912081
7.9315e-05,0.9,0,0.865883172081
7.946e-05,0.9,0,0.865881432081
7.9605e-05,0.9,0,0.865879692081
7.975e-05,0.9,0,0.865877952081
7.9895e-05,0.9,0,0.865876212081
8.004e-05,0.9,0,0.865874472081
8.0185e-05,0.9,0,0.865872732081
8.033e-05,0.9,0,0.865870992081
8.0475e-05,0.9,0,0.865869252081
8.062e-05,0.9,0,0.865867512081
8.0765e-05,0.9,0,0.865865772081
8.091e-05,0.9,0,0.865864032081
8.1055e-05,0.9,0,0.865862292081
8.12e-05,0.9,0,0.865860552081
8.1345e-05,0.9,0,0.865858812081
8.149e-05,0.9,0,0.865857072081
8.1635e-05,0.9,0,0.865855332081
8.178e-05,0.9,0,0.865853592081
8.1925e-05,0.9,0,0.865851852081
8.207e-05,0.9,0,0.865850112081
8.2215e-05,0.9,0,0.865848372081
8.236e-05,0.9,0,0.865846632081
8.2505e-05,0.9,0,0.865844892081
8.265e-05,0.9,0,0.865843152081
8.2795e-05,0.9,0,0.865841412081
8.294e-05,0.9,0,0.865839672081
8.3085e-05,0.9,0,0.865837932081
8.323e-05,0.9,0,0.865836192081
8.3375e-05,0.9,0,0.865834452081
8.352e-05,0.9,0,0.865832712081
8.3665e-05,0.9,0,0.865830972081
8.381e-05,0.9,0,0.865829232081
8.3955e-05,0.9,0,0.865827492081
8.41e-05,0.9,0,0.865825752081
8.4245e-05,0.9,0,0.865824012081
8.439e-05,0.9,0,0.865822272081
8.4535e-05,0.9,0,0.865820532081
8.468e-05,0.9,0,0.865818792081
8.4825e-05,0.9,0,0.865817052081
8.497e-05,0.9,0,0.865815312081
8.5115e-05,0.9,0,0.865813572081
8.526e-05,0.9,0,0.865811832081
8.5405e-05,0.9,0,0.865810092081
8.555e-05,0.9,0,0.865808352081
8.5695e-05,0.9,0,0.865806612081
8.584e-05,0.9,0,0.865804872081
8.5985e-05,0.9,0,0.865803132081
8.613e-05,0.9,0,0.865801392081
8.6275e-05,0.9,0,0.865799652081
8.642e-05,0.9,0,0.865797912081
8.6565e-05,0.9,0,0.865796172081
8.671e-05,0.9,0,0.865794432081
8.6855e-05,0.9,0,0.865792692081
8.7e-05,0.9,0,0.865790952081
8.7145e-05,0.9,0,0.865789212081
8.729e-05,0.9,0,0.865787472081
8.7435e-05,0.9,0,0.865785732081
8.758e-05,0.9,0,0.865783992081
8.7725e-05,0.9,0,0.865782252081
8.787e-05,0.9,0,0.865780512081
8.8015e-05,0.9,0,0.865778772081
8.816e-05,0.9,0,0.865777032081
8.8305e-05,0.9,0,0.865775292081
8.845e-05,0.9,0,0.865773552081
8.8595e-05,0.9,0,0.865771812081
8.874e-05,0.9,0,0.865770072081
8.8885e-05,0.9,0,0.865768332081
8.903e-05,0.9,0,0.865766592081
8.9175e-05,0.9,0,0.865764852081
8.932e-05,0.9,0,0.865763112081
8.9465e-05,0.9,0,0.865761372081
8.961e-05,0.9,0,0.865759632081
8.9755e-05,0.9,0,0.865757892081
8.99e-05,0.9,0,0.865756152081
9.0045e-05,0.9,0,0.865754412081
9.019e-05,0.9,0,0.865752672081
9.0335e-05,0.9,0,0.865750932081
9.048e-05,0.9,0,0.865749192081
9.0625e-05,0.9,0,0.865747452081
9.077e-05,0.9,0,0.865745712081
9.0915e-05,0.9,0,0.865743972081
9.106e-05,0.9,0,0.865742232081
9.1205e-05,0.9,0,0.865740492081
9.135e-05,0.9,0,0.865738752081
9.1495e-05,0.9,0,0.865737012081
9.164e-05,0.9,0,0.865735272081
9.1785e-05,0.9,0,0.865733532081
9.193e-05,0.9,0,0.865731792081
9.1989998e-05,0.9,0,0.865731072105
9.1990002e-05,0.2,0,0.865731072057
9.1998e-05,0.2,0,0.865730976081
9.2002e-05,0.2,1,0.865371194753
9.2075e-05,0.2,1,0.852372255354
9.222e-05,0.2,1,0.82730078946
9.2365e-05,0.2,1,0.803192850749
9.251e-05,0.2,1,0.780011409691
9.2655e-05,0.2,1,0.757720859844
9.28e-05,0.2,1,0.736286963167
9.2945e-05,0.2,1,0.715676797427
9.309e-05,0.2,1,0.695858705635
9.3235e-05,0.2,1,0.676802247417
9.338e-05,0.2,1,0.65847815226
9.3525e-05,0.2,1,0.640858274555
9.367e-05,0.2,1,0.62391555036
9.3815e-05,0.2,1,0.607623955836
9.396e-05,0.2,1,0.59195846727
9.4105e-05,0.2,1,0.576895022644
9.425e-05,0.2,1,0.56241048467
9.4395e-05,0.2,1,0.548482605255
9.454e-05,0.2,1,0.535089991328
9.4685e-05,0.2,1,0.52221207198
9.483e-05,0.2,1,0.509829066867
9.4975e-05,0.2,1,0.497921955828
9.512e-05,0.2,1,0.486472449671
9.5265e-05,0.2,1,0.475462962077
9.541e-05,0.2,1,0.464876582595
9.5555e-05,0.2,1,0.45469705066
9.57e-05,0.2,1,0.444908730622
9.5845e-05,0.2,1,0.435496587729
9.599e-05,0.2,1,0.42644616503
9.6135e-05,0.2,1,0.417743561177
9.628e-05,0.2,1,0.409375409063
9.6425e-05,0.2,1,0.401328855298
9.657e-05,0.2,1,0.393591540463
9.6715e-05,0.2,1,0.386151580127
9.686e-05,0.2,1,0.378997546591
9.7005e-05,0.2,1,0.372118451339
9.715e-05,0.2,1,0.365503728154
9.7295e-05,0.2,1,0.359143216894
9.744e-05,0.2,1,0.353027147883
9.7585e-05,0.2,1,0.347146126905
9.773e-05,0.2,1,0.341491120776
9.7875e-05,0.2,1,0.336053443469
9.802e-05,0.2,1,0.33082474277
9.8165e-05,0.2,1,0.325796987451
9.831e-05,0.2,1,0.320962454936
9.8455e-05,0.2,1,0.316313719435
9.86e-05,0.2,1,0.31184364054
9.8745e-05,0.2,1,0.30754535226
9.889e-05,0.2,1,0.303412252471
9.9035e-05,0.2,1,0.299437992775
9.918e-05,0.2,1,0.295616468754
9.9325e-05,0.2,1,0.291941810588
9.947e-05,0.2,1,0.288408374043
9.9615e-05,0.2,1,0.285010731797
9.976e-05,0.2,1,0.28174366511
9.9905e-05,0.2,1,0.278602155803
0.00010005,0.2,1,0.275581378552
0.000100195,0.2,1,0.272676693475
0.00010034,0.2,1,0.269883639008
0.000100485,0.2,1,0.26719792505
0.00010063,0.2,1,0.264615426374
0.000100775,0.2,1,0.262132176289
0.00010092,0.2,1,0.25974436055
0.000101065,0.2,1,0.257448311499
0.00010121,0.2,1,0.255240502429
0.000101355,0.2,1,0.253117542169
0.0001015,0.2,1,0.251076169876
0.000101645,0.2,1,0.249113250024
0.00010179,0.2,1,0.247225767589
0.000101935,0.2,1,0.245410823419
0.00010208,0.2,1,0.243665629779
0.000102225,0.2,1,0.241987506072
0.00010237,0.2,1,0.240373874717
0.000102515,0.2,1,0.238822257194
0.00010266,0.2,1,0.237330270235
0.000102805,0.2,1,0.235895622165
0.00010295,0.2,1,0.23451610938
0.000103095,0.2,1,0.233189612963
0.00010324,0.2,1,0.231914095431
0.000103385,0.2,1,0.230687597601
0.00010353,0.2,1,0.229508235588
0.000103675,0.2,1,0.228374197903
0.00010382,0.2,1,0.227283742677
0.000103965,0.2,1,0.226235194983
0.00010411,0.2,1,0.225226944263
0.000104255,0.2,1,0.224257441855
0.0001044,0.2,1,0.223325198613
0.000104545,0.2,1,0.222428782622
0.00010469,0.2,1,0.221566816998
0.000104835,0.2,1,0.220737977769
0.00010498,0.2,1,0.219940991849
0.000105125,0.2,1,0.219174635075
0.00010527,0.2,1,0.218437730332
0.000105415,0.2,1,0.217729145741
0.00010556,0.2,1,0.217047792926
0.000105705,0.2,1,0.216392625335
0.00010585,0.2,1,0.215762636638
0.000105995,0.2,1,0.21515685918
0.00010614,0.2,1,0.214574362492
0.000106285,0.2,1,0.214014251866
0.00010643,0.2,1,0.213475666979
0.000106575,0.2,1,0.212957780569
0.00010672,0.2,1,0.212459797169
0.000106865,0.2,1,0.211980951882
0.00010701,0.2,1,0.211520509207
0.000107155,0.2,1,0.211077761909
0.0001073,0.2,1,0.210652029932
0.000107445,0.2,1,0.210242659357
0.00010759,0.2,1,0.209849021396
0.000107735,0.2,1,0.209470511424
0.00010788,0.2,1,0.209106548054
0.000108025,0.2,1,0.208756572244
0.00010817,0.2,1,0.208420046433
0.000108315,0.2,1,0.208096453721
0.00010846,0.2,1,0.207785297075
0.000108605,0.2,1,0.207486098559
0.00010875,0.2,1,0.20719839861
0.000108895,0.2,1,0.206921755323
0.00010904,0.2,1,0.206655743776
0.000109185,0.2,1,0.20639995538
0.00010933,0.2,1,0.206153997245
0.000109475,0.2,1,0.205917491583
0.00010962,0.2,1,0.205690075124
0.000109765,0.2,1,0.205471398558
0.00010991,0.2,1,0.205261126001
0.000110055,0.2,1,0.205058934476
0.0001102,0.2,1,0.20486451342
0.000110345,0.2,1,0.204677564203
0.00011049,0.2,1,0.204497799674
0.000110635,0.2,1,0.204324943716
0.00011078,0.2,1,0.204158730824
0.000110925,0.2,1,0.203998905698
0.00011107,0.2,1,0.203845222847
0.000111215,0.2,1,0.203697446217
0.00011136,0.2,1,0.203555348824
0.000111505,0.2,1,0.203418712409
0.00011165,0.2,1,0.203287327098
0.000111795,0.2,1,0.203160991085
0.00011194,0.2,1,0.203039510321
0.000112085,0.2,1,0.202922698212
0.00011223,0.2,1,0.202810375335
0.000112375,0.2,1,0.202702369164
0.00011252,0.2,1,0.202598513802
0.000112665,0.2,1,0.20249864973
0.00011281,0.2,1,0.202402623556
0.000112955,0.2,1,0.202310287786
0.0001131,0.2,1,0.202221500593
0.000113245,0.2,1,0.202136125601
0.00011339,0.2,1,0.202054031674
0.000113535,0.2,1,0.201975092717
0.00011368,0.2,1,0.201899187482
0.000113825,0.2,1,0.201826199378
0.00011397,0.2,1,0.201756016296
0.000114115,0.2,1,0.201688530436
0.00011426,0.2,1,0.20162363814
0.000114405,0.2,1,0.201561239735
0.00011455,0.2,1,0.201501239377
0.000114695,0.2,1,0.201443544907
0.00011484,0.2,1,0.201388067706
0.000114985,0.2,1,0.201334722561
0.00011513,0.2,1,0.201283427536
0.000115275,0.2,1,0.201234103842
0.00011542,0.2,1,0.201186675718
0.000115565,0.2,1,0.201141070314
0.00011571,0.2,1,0.201097217583
0.000115855,0.2,1,0.201055050165
0.000116,0.2,1,0.201014503293
