time_s,vin_V,clock_V,vhold_V
0,1.6,0,1.6
5e-11,1.6,0,1.6
1e-10,1.6,0,1.6
1.5e-10,1.6,0,1.6
2e-10,1.6,0,1.6
2e-09,1.6,0,1.6
4e-09,1.6,0,1.6
6e-09,1.6,0,1.6
8e-09,1.6,0,1.6
1e-08,1.6,0,1.6
1.2e-08,1.6,0,1.6
1.4e-08,1.6,0,1.6
1.6e-08,1.6,0,1.6
1.8e-08,1.6,0,1.6
2e-08,1.6,0,1.6
2.2e-08,1.6,0,1.6
2.4e-08,1.6,0,1.6
2.6e-08,1.6,0,1.6
2.8e-08,1.6,0,1.6
3e-08,1.6,0,1.6
3e-08,1.6,6.548713394e-13,1.6
3.002e-08,1.6,1.8,1.60382058
3.2e-08,1.6,1.8,1.59999812
3.4e-08,1.6,1.8,1.59999811
3.6e-08,1.6,1.8,1.59999811
3.675e-08,1.6,1.8,1.59999811
3.68e-08,1.6,1.8,1.59999811
3.685e-08,1.6,1.8,1.59999811
3.69e-08,1.6,1.8,1.59999811
3.695e-08,1.6,1.8,1.59999811
3.7e-08,1.6,1.8,1.59999811
3.702e-08,1.2,1.8,1.59987135
3.705e-08,1.2,1.8,1.599953145
3.71e-08,1.2,1.8,1.599990082
3.715e-08,1.2,1.8,1.599996711
3.72e-08,1.2,1.8,1.599997888
3.725e-08,1.2,1.8,1.599998091
3.8e-08,1.2,1.8,1.59999813
3.995e-08,1.2,1.8,1.59999813
4e-08,1.2,1.8,1.59999813
4.002e-08,1.2,0,1.596085
4.005e-08,1.2,0,1.592782113
4.01e-08,1.2,0,1.587057841
4.015e-08,1.2,0,1.580525962
4.02e-08,1.2,0,1.573782262
4.025e-08,1.2,0,1.567057295
4.03e-08,1.2,0,1.560449747
4.035e-08,1.2,0,1.553994549
4.04e-08,1.2,0,1.54769928
4.045e-08,1.2,0,1.54156398
4.05e-08,1.2,0,1.535583094
4.055e-08,1.2,0,1.529752347
4.06e-08,1.2,0,1.524066746
4.065e-08,1.2,0,1.518521402
4.07e-08,1.2,0,1.513111612
4.075e-08,1.2,0,1.507832854
4.08e-08,1.2,0,1.502680798
4.085e-08,1.2,0,1.49765129
4.09e-08,1.2,0,1.492740361
4.095e-08,1.2,0,1.487944185
4.1e-08,1.2,0,1.483259114
4.105e-08,1.2,0,1.478681623
4.11e-08,1.2,0,1.47420836
4.115e-08,1.2,0,1.469836069
4.12e-08,1.2,0,1.465561651
4.125e-08,1.2,0,1.461382119
4.13e-08,1.2,0,1.457294604
4.135e-08,1.2,0,1.453296338
4.14e-08,1.2,0,1.449384669
4.145e-08,1.2,0,1.445557049
4.15e-08,1.2,0,1.441811012
4.155e-08,1.2,0,1.438144193
4.16e-08,1.2,0,1.434554313
4.165e-08,1.2,0,1.431039182
4.17e-08,1.2,0,1.427596678
4.175e-08,1.2,0,1.424224758
4.18e-08,1.2,0,1.420921458
4.185e-08,1.2,0,1.417684893
4.19e-08,1.2,0,1.414513223
4.195e-08,1.2,0,1.411404681
4.2e-08,1.2,0,1.408357575
4.205e-08,1.2,0,1.405370243
4.21e-08,1.2,0,1.402441111
4.215e-08,1.2,0,1.399568636
4.22e-08,1.2,0,1.396751338
4.225e-08,1.2,0,1.393987783
4.23e-08,1.2,0,1.391276587
4.235e-08,1.2,0,1.388616411
4.24e-08,1.2,0,1.386005956
4.245e-08,1.2,0,1.383443969
4.25e-08,1.2,0,1.380929233
4.255e-08,1.2,0,1.378460577
4.26e-08,1.2,0,1.376036867
4.265e-08,1.2,0,1.373657001
4.27e-08,1.2,0,1.371319905
4.275e-08,1.2,0,1.369024557
4.28e-08,1.2,0,1.366769941
4.285e-08,1.2,0,1.364555104
4.29e-08,1.2,0,1.362379096
4.295e-08,1.2,0,1.360241004
4.3e-08,1.2,0,1.358139944
4.305e-08,1.2,0,1.356075059
4.31e-08,1.2,0,1.354045511
4.315e-08,1.2,0,1.3520505
4.32e-08,1.2,0,1.350089239
4.325e-08,1.2,0,1.348160957
4.33e-08,1.2,0,1.346264931
4.335e-08,1.2,0,1.344400427
4.34e-08,1.2,0,1.34256676
4.345e-08,1.2,0,1.340763243
4.35e-08,1.2,0,1.338989218
4.355e-08,1.2,0,1.337244048
4.36e-08,1.2,0,1.335527108
4.365e-08,1.2,0,1.333837799
4.37e-08,1.2,0,1.332175521
4.375e-08,1.2,0,1.330539709
4.38e-08,1.2,0,1.328929807
4.385e-08,1.2,0,1.327345264
4.39e-08,1.2,0,1.325785565
4.395e-08,1.2,0,1.324250186
4.4e-08,1.2,0,1.322738637
4.405e-08,1.2,0,1.321250417
4.41e-08,1.2,0,1.319785071
4.415e-08,1.2,0,1.31834212
4.42e-08,1.2,0,1.316921127
4.425e-08,1.2,0,1.315521649
4.43e-08,1.2,0,1.314143253
4.435e-08,1.2,0,1.312785537
4.44e-08,1.2,0,1.311448081
4.445e-08,1.2,0,1.310130499
4.45e-08,1.2,0,1.308832402
4.455e-08,1.2,0,1.307553416
4.46e-08,1.2,0,1.306293178
4.465e-08,1.2,0,1.30505132
4.47e-08,1.2,0,1.303827501
4.475e-08,1.2,0,1.302621377
4.48e-08,1.2,0,1.301432618
4.485e-08,1.2,0,1.300260907
4.49e-08,1.2,0,1.299105912
4.495e-08,1.2,0,1.297967335
4.5e-08,1.2,0,1.296844871
4.505e-08,1.2,0,1.295738225
4.51e-08,1.2,0,1.294647111
4.515e-08,1.2,0,1.293571251
4.52e-08,1.2,0,1.292510366
4.525e-08,1.2,0,1.291464187
4.53e-08,1.2,0,1.290432457
4.535e-08,1.2,0,1.289414911
4.54e-08,1.2,0,1.28841131
4.545e-08,1.2,0,1.287421407
4.55e-08,1.2,0,1.286444952
4.555e-08,1.2,0,1.285481727
4.56e-08,1.2,0,1.284531492
4.565e-08,1.2,0,1.283594028
4.57e-08,1.2,0,1.282669117
4.575e-08,1.2,0,1.281756536
4.58e-08,1.2,0,1.280856088
4.585e-08,1.2,0,1.279967567
4.59e-08,1.2,0,1.27909076
4.595e-08,1.2,0,1.278225487
4.6e-08,1.2,0,1.27737151
4.602e-08,1.2,1.8,1.28008183
4.605e-08,1.2,1.8,1.279483783
4.61e-08,1.2,1.8,1.278452366
4.615e-08,1.2,1.8,1.27753324
4.62e-08,1.2,1.8,1.277296404
4.625e-08,1.2,1.8,1.277251986
4.63e-08,1.2,1.8,1.277244057
4.635e-08,1.2,1.8,1.277242656
4.64e-08,1.2,1.8,1.277242418
4.645e-08,1.2,1.8,1.27724238
4.65e-08,1.2,1.8,1.27724237
4.8e-08,1.2,1.8,1.27724237
5e-08,1.2,1.8,1.27724237
5.2e-08,1.2,1.8,1.27724237
5.4e-08,1.2,1.8,1.27724236
5.6e-08,1.2,1.8,1.27724236
5.8e-08,1.2,1.8,1.27724236
6e-08,1.2,1.8,1.27724236
6.2e-08,1.2,1.8,1.27724236
6.4e-08,1.2,1.8,1.27724236
6.6e-08,1.2,1.8,1.27724235
6.8e-08,1.2,1.8,1.27724235
6.98e-08,1.2,1.8,1.27724235
6.985e-08,1.2,1.8,1.27724235
6.99e-08,1.2,1.8,1.27724235
6.995e-08,1.2,1.8,1.27724235
7e-08,1.2,1.8,1.27724235
