time_s,vin_V,clock_V,vhold_V
0,0.9,0,0.9
5e-11,0.9,0,0.9
1e-10,0.9,0,0.9
1.5e-10,0.9,0,0.9
2e-10,0.9,0,0.9
2e-09,0.9,0,0.9
4e-09,0.9,0,0.9
6e-09,0.9,0,0.9
8e-09,0.9,0,0.9
1e-08,0.9,0,0.9
1.2e-08,0.9,0,0.9
1.4e-08,0.9,0,0.9
1.6e-08,0.9,0,0.9
1.8e-08,0.9,0,0.9
2e-08,0.9,0,0.9
2.2e-08,0.9,0,0.9
2.4e-08,0.9,0,0.9
2.6e-08,0.9,0,0.9
2.8e-08,0.9,0,0.9
3e-08,0.9,0,0.9
3.002e-08,0.9,1.8,0.902385365
3.2e-08,0.9,1.8,0.899991167
3.4e-08,0.9,1.8,0.899991167
3.6e-08,0.9,1.8,0.899991167
3.8e-08,0.9,1.8,0.899991167
3.995e-08,0.9,1.8,0.899991167
4e-08,0.9,1.8,0.899991167
4.002e-08,0.9,0,0.897583062
4.005e-08,0.9,0,0.8981931706
4.01e-08,0.9,0,0.8989030277
4.015e-08,0.9,0,0.8993929132
4.02e-08,0.9,0,0.8996926588
4.025e-08,0.9,0,0.8998478371
4.03e-08,0.9,0,0.8999242214
4.035e-08,0.9,0,0.8999611035
4.04e-08,0.9,0,0.8999788395
4.045e-08,0.9,0,0.8999872861
4.05e-08,0.9,0,0.899991357
4.052e-08,1.4,0,0.900482745
4.055e-08,1.4,0,0.9040030721
4.06e-08,1.4,0,0.9093927851
4.065e-08,1.4,0,0.9145003352
4.07e-08,1.4,0,0.9194654139
4.075e-08,1.4,0,0.9243387679
4.08e-08,1.4,0,0.9291418199
4.085e-08,1.4,0,0.9338853103
4.09e-08,1.4,0,0.938575918
4.092e-08,1.4,1.8,0.941878753
4.095e-08,1.4,1.8,0.9411233852
4.1e-08,1.4,1.8,0.9402397512
4.105e-08,1.4,1.8,0.9397282158
4.11e-08,1.4,1.8,0.9396152462
4.115e-08,1.4,1.8,0.9395993958
4.12e-08,1.4,1.8,0.9395973047
4.125e-08,1.4,1.8,0.9395970353
4.13e-08,1.4,1.8,0.9395970043
4.135e-08,1.4,1.8,0.939597001
4.14e-08,1.4,1.8,0.939597
4.2e-08,1.4,1.8,0.939597
4.4e-08,1.4,1.8,0.939597
4.6e-08,1.4,1.8,0.939597
4.8e-08,1.4,1.8,0.939597
5e-08,1.4,1.8,0.939597
5.2e-08,1.4,1.8,0.939596999
5.4e-08,1.4,1.8,0.939596999
5.6e-08,1.4,1.8,0.939596999
5.8e-08,1.4,1.8,0.939596999
6e-08,1.4,1.8,0.939596999
6.2e-08,1.4,1.8,0.939596998
6.4e-08,1.4,1.8,0.939596998
6.6e-08,1.4,1.8,0.939596998
6.8e-08,1.4,1.8,0.939596998
6.995e-08,1.4,1.8,0.939596998
7e-08,1.4,1.8,0.939596998
7.002e-08,1.4,0,0.936828713
7.005e-08,1.4,0,0.9400626352
7.01e-08,1.4,0,0.9450699914
7.015e-08,1.4,0,0.9498143722
7.02e-08,1.4,0,0.9543495659
7.025e-08,1.4,0,0.9587899631
7.03e-08,1.4,0,0.9632136791
7.035e-08,1.4,0,0.9676272557
7.04e-08,1.4,0,0.9720217641
7.045e-08,1.4,0,0.9763916855
7.05e-08,1.4,0,0.980735678
7.052e-08,0.3,0,0.980559194
7.055e-08,0.3,0,0.9714432676
7.06e-08,0.3,0,0.9491617638
7.065e-08,0.3,0,0.9214825294
7.07e-08,0.3,0,0.8911839899
7.075e-08,0.3,0,0.8597678359
7.08e-08,0.3,0,0.8280114447
7.085e-08,0.3,0,0.7963152021
7.09e-08,0.3,0,0.7649103091
7.095e-08,0.3,0,0.7339611564
7.1e-08,0.3,0,0.7036152383
7.105e-08,0.3,0,0.6740273292
7.11e-08,0.3,0,0.6453647064
7.115e-08,0.3,0,0.61779552
7.12e-08,0.3,0,0.5914682056
7.125e-08,0.3,0,0.5664960544
7.13e-08,0.3,0,0.5429537928
7.135e-08,0.3,0,0.5208820123
7.14e-08,0.3,0,0.500293473
7.145e-08,0.3,0,0.481178589
7.15e-08,0.3,0,0.4635097466
7.155e-08,0.3,0,0.4472447875
7.16e-08,0.3,0,0.4323299906
7.165e-08,0.3,0,0.4187027105
7.17e-08,0.3,0,0.4062937801
7.175e-08,0.3,0,0.3950296637
7.18e-08,0.3,0,0.3848343721
7.185e-08,0.3,0,0.3756311221
7.19e-08,0.3,0,0.3673437348
7.195e-08,0.3,0,0.35989778
7.2e-08,0.3,0,0.3532214687
7.205e-08,0.3,0,0.3472463334
7.21e-08,0.3,0,0.3419076937
7.215e-08,0.3,0,0.3371449621
7.22e-08,0.3,0,0.3329017991
7.225e-08,0.3,0,0.3291261463
7.23e-08,0.3,0,0.3257701783
7.235e-08,0.3,0,0.3227901692
7.24e-08,0.3,0,0.320146319
7.245e-08,0.3,0,0.3178025409
7.25e-08,0.3,0,0.3157262209
7.255e-08,0.3,0,0.313887979
7.26e-08,0.3,0,0.3122614093
7.265e-08,0.3,0,0.3108228412
7.27e-08,0.3,0,0.3095510959
7.275e-08,0.3,0,0.3084272596
7.28e-08,0.3,0,0.3074344666
7.285e-08,0.3,0,0.3065577013
7.29e-08,0.3,0,0.3057836099
7.295e-08,0.3,0,0.3051003287
7.3e-08,0.3,0,0.3044973308
7.305e-08,0.3,0,0.3039652809
7.31e-08,0.3,0,0.3034959069
7.315e-08,0.3,0,0.3030818861
7.32e-08,0.3,0,0.3027167359
7.325e-08,0.3,0,0.3023947243
7.33e-08,0.3,0,0.3021107825
7.335e-08,0.3,0,0.3018604311
7.34e-08,0.3,0,0.3016397142
7.345e-08,0.3,0,0.3014451369
7.35e-08,0.3,0,0.3012736134
7.355e-08,0.3,0,0.3011224205
7.36e-08,0.3,0,0.3009891542
7.365e-08,0.3,0,0.3008716942
7.37e-08,0.3,0,0.3007681693
7.375e-08,0.3,0,0.3006769296
7.38e-08,0.3,0,0.3005965183
7.385e-08,0.3,0,0.3005256531
7.39e-08,0.3,0,0.3004632023
7.395e-08,0.3,0,0.3004081673
7.4e-08,0.3,0,0.3003596681
7.405e-08,0.3,0,0.3003169296
7.41e-08,0.3,0,0.3002792678
7.415e-08,0.3,0,0.3002460804
7.42e-08,0.3,0,0.3002168356
7.425e-08,0.3,0,0.3001910654
7.43e-08,0.3,0,0.3001683574
7.435e-08,0.3,0,0.300148348
7.44e-08,0.3,0,0.3001307161
7.445e-08,0.3,0,0.3001151796
7.45e-08,0.3,0,0.3001014897
7.455e-08,0.3,0,0.3000894268
7.46e-08,0.3,0,0.3000787972
7.465e-08,0.3,0,0.3000694314
7.47e-08,0.3,0,0.3000611783
7.475e-08,0.3,0,0.3000539064
7.48e-08,0.3,0,0.3000474984
7.485e-08,0.3,0,0.3000418525
7.49e-08,0.3,0,0.3000368778
7.495e-08,0.3,0,0.3000324942
7.5e-08,0.3,0,0.3000286316
7.505e-08,0.3,0,0.3000252283
7.51e-08,0.3,0,0.3000222296
7.515e-08,0.3,0,0.3000195874
7.52e-08,0.3,0,0.3000172589
7.525e-08,0.3,0,0.3000152074
7.53e-08,0.3,0,0.3000133997
7.535e-08,0.3,0,0.3000118067
7.54e-08,0.3,0,0.3000104035
7.545e-08,0.3,0,0.3000091665
7.55e-08,0.3,0,0.300008077
7.552e-08,0.3,1.8,0.303747299
7.555e-08,0.3,1.8,0.3025285013
7.56e-08,0.3,1.8,0.3008514568
7.565e-08,0.3,1.8,0.2999175786
7.57e-08,0.3,1.8,0.2996896056
7.575e-08,0.3,1.8,0.2996665257
7.58e-08,0.3,1.8,0.2996645728
7.585e-08,0.3,1.8,0.2996644116
7.59e-08,0.3,1.8,0.2996644
7.595e-08,0.3,1.8,0.2996644
7.6e-08,0.3,1.8,0.2996644
7.8e-08,0.3,1.8,0.299664403
8e-08,0.3,1.8,0.299664406
8.2e-08,0.3,1.8,0.299664409
8.4e-08,0.3,1.8,0.299664412
8.6e-08,0.3,1.8,0.299664414
8.8e-08,0.3,1.8,0.299664417
9e-08,0.3,1.8,0.29966442
9.2e-08,0.3,1.8,0.299664423
9.4e-08,0.3,1.8,0.299664426
9.6e-08,0.3,1.8,0.299664429
9.8e-08,0.3,1.8,0.299664432
9.995e-08,0.3,1.8,0.299664435
1e-07,0.3,1.8,0.299664435
1.0002e-07,0.3,1.191040322e-12,0.295816345
1.0005e-07,0.3,0,0.2963025588
1.001e-07,0.3,0,0.2972708951
1.0015e-07,0.3,0,0.2982839091
1.002e-07,0.3,0,0.2990141947
1.0025e-07,0.3,0,0.2994628965
1.003e-07,0.3,0,0.2997157178
1.0035e-07,0.3,0,0.2998516797
1.004e-07,0.3,0,0.2999230045
1.0045e-07,0.3,0,0.2999600094
1.005e-07,0.3,0,0.299979166
1.0052e-07,1.5,0,0.313927463
1.0055e-07,1.5,0,0.3447088817
1.006e-07,1.5,0,0.3894818233
1.0065e-07,1.5,0,0.4285268863
1.007e-07,1.5,0,0.463492061
1.0075e-07,1.5,0,0.4952708993
1.008e-07,1.5,0,0.5244173812
1.0085e-07,1.5,0,0.5513021899
1.009e-07,1.5,0,0.5761982631
1.0095e-07,1.5,0,0.5993223414
1.01e-07,1.5,0,0.6208556408
1.0105e-07,1.5,0,0.6409545851
1.011e-07,1.5,0,0.6597567478
1.0115e-07,1.5,0,0.6773844464
1.012e-07,1.5,1.19114008e-12,0.693951402
1.0122e-07,1.5,1.8,0.701882741
1.0125e-07,1.5,1.8,0.7026366055
1.013e-07,1.5,1.8,0.7016108043
1.0135e-07,1.5,1.8,0.7010904778
1.014e-07,1.5,1.8,0.7010028838
1.0145e-07,1.5,1.8,0.7009941488
1.015e-07,1.5,1.8,0.7009933394
1.0155e-07,1.5,1.8,0.7009932693
1.016e-07,1.5,1.8,0.700993264
1.0165e-07,1.5,1.8,0.700993264
1.017e-07,1.5,1.8,0.700993264
1.02e-07,1.5,1.8,0.700993264
1.04e-07,1.5,1.8,0.700993265
1.06e-07,1.5,1.8,0.700993266
1.08e-07,1.5,1.8,0.700993267
1.1e-07,1.5,1.8,0.700993268
1.12e-07,1.5,1.8,0.700993269
1.14e-07,1.5,1.8,0.70099327
1.16e-07,1.5,1.8,0.700993271
1.18e-07,1.5,1.8,0.700993272
1.2e-07,1.5,1.8,0.700993273
1.22e-07,1.5,1.8,0.700993274
1.24e-07,1.5,1.8,0.700993275
1.26e-07,1.5,1.8,0.700993276
1.28e-07,1.5,1.8,0.700993277
1.2995e-07,1.5,1.8,0.700993277
1.3e-07,1.5,1.8,0.700993278
1.3002e-07,1.5,0,0.69766151
1.3005e-07,1.5,0,0.7024145351
1.301e-07,1.5,0,0.7102018904
1.3015e-07,1.5,0,0.7179183014
1.302e-07,1.5,0,0.7264823839
1.3025e-07,1.5,0,0.7369089294
1.303e-07,1.5,0,0.7484780078
1.3035e-07,1.5,0,0.7603601038
1.304e-07,1.5,0,0.7720991096
1.3045e-07,1.5,0,0.7834943218
1.305e-07,1.5,0,0.794479782
1.3052e-07,1.1,0,0.797396133
1.3055e-07,1.1,0,0.7990860328
1.306e-07,1.1,0,0.8021089093
1.3065e-07,1.1,0,0.8052257455
1.307e-07,1.1,0,0.808330531
1.3075e-07,1.1,0,0.811376085
1.308e-07,1.1,0,0.8143427811
1.3085e-07,1.1,0,0.8172242214
1.309e-07,1.1,0,0.8200200065
1.3095e-07,1.1,0,0.8227323076
1.31e-07,1.1,0,0.8253643029
1.3105e-07,1.1,0,0.8279194799
1.311e-07,1.1,0,0.8304013365
1.3115e-07,1.1,0,0.8328132609
1.312e-07,1.1,0,0.835158481
1.3125e-07,1.1,0,0.8374400502
1.313e-07,1.1,0,0.8396608539
1.3135e-07,1.1,0,0.8418236106
1.314e-07,1.1,0,0.8439308862
1.3145e-07,1.1,0,0.845985099
1.315e-07,1.1,0,0.847988535
1.3155e-07,1.1,0,0.8499433498
1.316e-07,1.1,0,0.8518515818
1.3165e-07,1.1,0,0.8537151602
1.317e-07,1.1,0,0.8555359088
1.3175e-07,1.1,0,0.8573155536
1.318e-07,1.1,0,0.8590557331
1.3185e-07,1.1,0,0.8607579978
1.319e-07,1.1,0,0.8624238199
1.3195e-07,1.1,0,0.8640545967
1.32e-07,1.1,0,0.8656516552
1.3205e-07,1.1,0,0.867216257
1.321e-07,1.1,0,0.8687496001
1.3215e-07,1.1,0,0.8702528265
1.322e-07,1.1,0,0.8717270213
1.3225e-07,1.1,0,0.8731732191
1.323e-07,1.1,0,0.8745924054
1.3235e-07,1.1,0,0.8759855214
1.324e-07,1.1,0,0.8773534616
1.3245e-07,1.1,0,0.8786970818
1.325e-07,1.1,0,0.8800172006
1.3255e-07,1.1,0,0.8813145974
1.326e-07,1.1,0,0.882590018
1.3265e-07,1.1,0,0.8838441766
1.327e-07,1.1,0,0.8850777555
1.3275e-07,1.1,0,0.8862914075
1.328e-07,1.1,0,0.8874857583
1.3285e-07,1.1,0,0.8886614087
1.329e-07,1.1,0,0.8898189314
1.3295e-07,1.1,0,0.8909588771
1.33e-07,1.1,0,0.8920817746
1.3305e-07,1.1,0,0.8931881313
1.331e-07,1.1,0,0.8942784337
1.3315e-07,1.1,0,0.8953531479
1.332e-07,1.1,0,0.8964127247
1.3325e-07,1.1,0,0.8974575951
1.333e-07,1.1,0,0.8984881734
1.3335e-07,1.1,0,0.8995048602
1.334e-07,1.1,0,0.9005080386
1.3345e-07,1.1,0,0.9014980783
1.335e-07,1.1,0,0.902475335
1.3355e-07,1.1,0,0.9034401524
1.336e-07,1.1,0,0.9043928602
1.3365e-07,1.1,0,0.9053337778
1.337e-07,1.1,0,0.9062632114
1.3375e-07,1.1,0,0.9071814575
1.338e-07,1.1,0,0.9080888022
1.3385e-07,1.1,0,0.9089855208
1.339e-07,1.1,0,0.9098718788
1.3395e-07,1.1,0,0.9107481353
1.34e-07,1.1,0,0.9116145373
1.3405e-07,1.1,0,0.9124713246
1.341e-07,1.1,0,0.9133187301
1.3415e-07,1.1,0,0.914156978
1.342e-07,1.1,0,0.9149862846
1.3425e-07,1.1,0,0.91580686
1.343e-07,1.1,0,0.9166189077
1.3435e-07,1.1,0,0.9174226244
1.344e-07,1.1,0,0.9182181988
1.3445e-07,1.1,0,0.9190058176
1.345e-07,1.1,0,0.919785673
1.3452e-07,1.1,1.8,0.922546664
1.3455e-07,1.1,1.8,0.9217841974
1.346e-07,1.1,1.8,0.9208991203
1.3465e-07,1.1,1.8,0.9204002851
1.347e-07,1.1,1.8,0.9202934059
1.3475e-07,1.1,1.8,0.9202789048
1.348e-07,1.1,1.8,0.9202770558
1.3485e-07,1.1,1.8,0.9202768268
1.349e-07,1.1,1.8,0.9202768014
1.3495e-07,1.1,1.8,0.920276799
1.36e-07,1.1,1.8,0.920276799
1.38e-07,1.1,1.8,0.920276798
1.4e-07,1.1,1.8,0.920276798
1.42e-07,1.1,1.8,0.920276798
1.44e-07,1.1,1.8,0.920276798
1.46e-07,1.1,1.8,0.920276798
1.48e-07,1.1,1.8,0.920276798
1.5e-07,1.1,1.8,0.920276798
1.52e-07,1.1,1.8,0.920276798
1.54e-07,1.1,1.8,0.920276798
1.56e-07,1.1,1.8,0.920276798
1.58e-07,1.1,1.8,0.920276797
1.5975e-07,1.1,1.8,0.920276797
1.598e-07,1.1,1.8,0.920276797
1.5985e-07,1.1,1.8,0.920276797
1.599e-07,1.1,1.8,0.920276797
1.5995e-07,1.1,1.8,0.920276797
1.6e-07,1.1,1.8,0.920276797
