cycle,time_s,vin_V,out_V
1,2.01e-06,0.7,0.04256
2,4.01e-06,0.7,0.1046976
3,6.01e-06,0.7,0.173253248
4,8.01e-06,0.7,0.240983232
5,1.001e-05,0.7,0.304165227162
6,1.201e-05,0.7,0.36113716443
7,1.401e-05,0.7,0.411411009763
8,1.601e-05,0.7,0.455139839018
9,1.801e-05,0.7,0.492801311082
10,2.001e-05,0.7,0.525013086019
11,2.201e-05,0.7,0.552428182776
12,2.401e-05,0.7,0.575678331655
13,2.601e-05,0.7,0.595345766626
14,2.801e-05,0.7,0.611951544148
15,3.001e-05,0.7,0.625953179198
16,3.201e-05,0.7,0.637747277436
17,3.401e-05,0.7,0.64767460933
18,3.601e-05,0.7,0.656026147534
19,3.801e-05,0.7,0.66304923886
20,4.001e-05,0.7,0.6689534711
21,4.201e-05,0.7,0.673916024208
22,4.401e-05,0.7,0.678086427594
23,4.601e-05,0.7,0.681590718881
24,4.801e-05,0.7,0.684535038074
25,5.001e-05,0.7,0.687008709196
26,5.201e-05,0.7,0.689086867596
27,5.401e-05,0.7,0.690832690942
28,5.601e-05,0.7,0.692299288131
29,5.801e-05,0.7,0.693531295228
30,6.001e-05,0.7,0.694566221775
31,6.201e-05,0.7,0.695435585236
32,6.401e-05,0.7,0.696165866145
33,6.601e-05,0.7,0.69677931178
34,6.801e-05,0.7,0.697294612111
35,7.001e-05,0.7,0.697727468107
36,7.201e-05,0.7,0.698091069449
37,7.401e-05,0.7,0.698396496005
38,7.601e-05,0.7,0.698653055198
39,7.801e-05,0.7,0.69886856547
40,8.001e-05,0.7,0.699049594439
41,8.201e-05,0.7,0.699201658984
42,8.401e-05,0.7,0.699329393333
43,8.601e-05,0.7,0.699436690268
44,8.801e-05,0.7,0.699526819743
45,9.001e-05,0.7,0.699602528533
46,9.201e-05,0.7,0.699666123936
47,9.401e-05,0.7,0.699719544087
48,9.601e-05,-0.42,0.631668417021
49,9.801e-05,-0.42,0.53228595029
50,0.00010001,-0.42,0.422628575839
51,0.00010201,-0.42,0.314287197814
52,0.00010401,-0.42,0.213218346511
53,0.00010601,-0.42,0.122082013285
54,0.00010801,-0.42,0.041659624533
55,0.00011001,-0.42,-0.0282932607007
56,0.00011201,-0.42,-0.0885404930797
57,0.00011401,-0.42,-0.140069989723
58,0.00011601,-0.42,-0.1839262962
59,0.00011801,-0.42,-0.221119941805
60,0.00012001,-0.42,-0.252582299974
61,0.00012201,-0.42,-0.279146892269
62,0.00012401,-0.42,-0.301545600887
63,0.00012601,-0.42,-0.320412875801
64,0.00012801,-0.42,-0.336293849728
65,0.00013001,-0.42,-0.349653994886
66,0.00013201,-0.42,-0.360888995595
67,0.00013401,-0.42,-0.370334133032
68,0.00013601,-0.42,-0.378272845321
69,0.00013801,-0.42,-0.384944337685
70,0.00014001,-0.42,-0.390550235177
71,0.00014201,-0.42,-0.395260332292
72,0.00014401,-0.42,-0.399217522667
73,0.00014601,-0.42,-0.402542002035
74,0.00014801,-0.42,-0.405334837167
75,0.00015001,-0.42,-0.407680987604
76,0.00015201,-0.42,-0.409651858705
77,0.00015401,-0.42,-0.411307455365
78,0.00015601,-0.42,-0.412698196819
79,0.00015801,-0.42,-0.413866444602
80,0.00016001,-0.42,-0.414847788216
81,0.00016201,-0.42,-0.415672126446
82,0.00016401,-0.42,-0.416364576509
83,0.00016601,-0.42,-0.416946238249
84,0.00016801,-0.42,-0.417434836398
85,0.00017001,-0.42,-0.417845260261
86,0.00017201,-0.42,-0.418190017185
87,0.00017401,-0.42,-0.418479613547
88,0.00017601,-0.42,-0.418722874828
89,0.00017801,-0.42,-0.418927214514
90,0.00018001,-0.42,-0.419098859979
91,0.00018201,-0.42,-0.419243042251
92,0.00018401,-0.42,-0.41936415541
93,0.00018601,-0.42,-0.419465890494
94,0.00018801,-0.42,-0.419551347983
95,0.00019001,-0.42,-0.419623132287
96,0.00019201,-0.42,-0.419683431109
