time_s,vin_V,out_V
0,0.7,0
2e-09,0.7,0.0062
4e-09,0.7,0.0124
6e-09,0.7,0.0186
8e-09,0.7,0.0248
1e-08,0.7,0.031
1.2e-08,0.7,0.0372
1.4e-08,0.7,0.0434
1.6e-08,0.7,0.0496
1.8e-08,0.7,0.0558
2e-08,0.7,0.062
2.2e-08,0.7,0.0682
2.4e-08,0.7,0.0744
2.6e-08,0.7,0.0806
2.8e-08,0.7,0.0868
3e-08,0.7,0.093
3.2e-08,0.7,0.0992
3.4e-08,0.7,0.1054
3.6e-08,0.7,0.1116
3.8e-08,0.7,0.1178
4e-08,0.7,0.124
4.2e-08,0.7,0.1302
4.4e-08,0.7,0.1364
4.6e-08,0.7,0.1426
4.8e-08,0.7,0.1488
5e-08,0.7,0.155
5.2e-08,0.7,0.1612
5.4e-08,0.7,0.1674
5.6e-08,0.7,0.1736
5.8e-08,0.7,0.1798
6e-08,0.7,0.186
6.2e-08,0.7,0.1922
6.4e-08,0.7,0.1984
6.6e-08,0.7,0.2046
6.8e-08,0.7,0.2108
7e-08,0.7,0.217
7.2e-08,0.7,0.2232
7.4e-08,0.7,0.2294
7.6e-08,0.7,0.2356
7.8e-08,0.7,0.2418
8e-08,0.7,0.248
8.2e-08,0.7,0.2542
8.4e-08,0.7,0.2604
8.6e-08,0.7,0.2666
8.8e-08,0.7,0.2728
9e-08,0.7,0.279
9.2e-08,0.7,0.2852
9.4e-08,0.7,0.2914
9.6e-08,0.7,0.2976
9.8e-08,0.7,0.3038
1e-07,0.7,0.31
1.02e-07,0.7,0.3162
1.04e-07,0.7,0.3224
1.06e-07,0.7,0.3286
1.08e-07,0.7,0.3348
1.1e-07,0.7,0.341
1.12e-07,0.7,0.3472
1.14e-07,0.7,0.3534
1.16e-07,0.7,0.3596
1.18e-07,0.7,0.3658
1.2e-07,0.7,0.372
1.22e-07,0.7,0.3782
1.24e-07,0.7,0.3844
1.26e-07,0.7,0.3906
1.28e-07,0.7,0.3968
1.3e-07,0.7,0.403
1.32e-07,0.7,0.4092
1.34e-07,0.7,0.4154
1.36e-07,0.7,0.4216
1.38e-07,0.7,0.4278
1.4e-07,0.7,0.434
1.42e-07,0.7,0.4402
1.44e-07,0.7,0.4464
1.46e-07,0.7,0.452597401948
1.48e-07,0.7,0.458686587914
1.5e-07,0.7,0.464615541514
1.52e-07,0.7,0.470388479142
1.54e-07,0.7,0.476009506243
1.56e-07,0.7,0.481482620228
1.58e-07,0.7,0.48681171332
1.6e-07,0.7,0.49200057532
1.62e-07,0.7,0.497052896305
1.64e-07,0.7,0.501972269249
1.66e-07,0.7,0.506762192581
1.68e-07,0.7,0.51142607267
1.7e-07,0.7,0.515967226248
1.72e-07,0.7,0.520388882774
1.74e-07,0.7,0.524694186721
1.76e-07,0.7,0.528886199821
1.78e-07,0.7,0.532967903238
1.8e-07,0.7,0.536942199688
1.82e-07,0.7,0.540811915505
1.84e-07,0.7,0.54457980265
1.86e-07,0.7,0.548248540668
1.88e-07,0.7,0.551820738595
1.9e-07,0.7,0.55529893681
1.92e-07,0.7,0.558685608845
1.94e-07,0.7,0.561983163143
1.96e-07,0.7,0.565193944772
1.98e-07,0.7,0.568320237087
2e-07,0.7,0.571364263363
2.02e-07,0.7,0.574328188369
2.04e-07,0.7,0.577214119909
2.06e-07,0.7,0.580024110323
2.08e-07,0.7,0.582760157946
2.1e-07,0.7,0.585424208525
2.12e-07,0.7,0.588018156609
2.14e-07,0.7,0.590543846894
2.16e-07,0.7,0.593003075531
2.18e-07,0.7,0.59539759141
2.2e-07,0.7,0.597729097397
2.22e-07,0.7,0.599999251552
2.24e-07,0.7,0.602209668301
2.26e-07,0.7,0.60436191959
2.28e-07,0.7,0.606457535999
2.3e-07,0.7,0.608498007832
2.32e-07,0.7,0.610484786179
2.34e-07,0.7,0.612419283942
2.36e-07,0.7,0.614302876845
2.38e-07,0.7,0.616136904413
2.4e-07,0.7,0.61792267092
2.42e-07,0.7,0.61966144632
2.44e-07,0.7,0.621354467148
2.46e-07,0.7,0.623002937401
2.48e-07,0.7,0.624608029395
2.5e-07,0.7,0.626170884596
2.52e-07,0.7,0.627692614433
2.54e-07,0.7,0.62917430109
2.56e-07,0.7,0.630616998273
2.58e-07,0.7,0.632021731961
2.6e-07,0.7,0.633389501134
2.62e-07,0.7,0.634721278487
2.64e-07,0.7,0.636018011116
2.66e-07,0.7,0.637280621198
2.68e-07,0.7,0.638510006642
2.7e-07,0.7,0.639707041729
2.72e-07,0.7,0.640872577735
2.74e-07,0.7,0.642007443534
2.76e-07,0.7,0.643112446191
2.78e-07,0.7,0.64418837153
2.8e-07,0.7,0.6452359847
2.82e-07,0.7,0.646256030715
2.84e-07,0.7,0.647249234983
2.86e-07,0.7,0.648216303825
2.88e-07,0.7,0.649157924975
2.9e-07,0.7,0.650074768071
2.92e-07,0.7,0.650967485127
2.94e-07,0.7,0.651836711003
2.96e-07,0.7,0.652683063851
2.98e-07,0.7,0.653507145558
3e-07,0.7,0.654309542173
3.02e-07,0.7,0.655090824322
3.04e-07,0.7,0.655851547617
3.06e-07,0.7,0.656592253048
3.08e-07,0.7,0.657313467371
3.1e-07,0.7,0.65801570348
3.12e-07,0.7,0.658699460771
3.14e-07,0.7,0.659365225502
3.16e-07,0.7,0.660013471133
3.18e-07,0.7,0.660644658665
3.2e-07,0.7,0.661259236971
3.22e-07,0.7,0.66185764311
3.24e-07,0.7,0.662440302639
3.26e-07,0.7,0.663007629919
3.28e-07,0.7,0.663560028407
3.3e-07,0.7,0.664097890943
3.32e-07,0.7,0.664621600029
3.34e-07,0.7,0.665131528103
3.36e-07,0.7,0.665628037802
3.38e-07,0.7,0.66611148222
3.4e-07,0.7,0.66658220516
3.42e-07,0.7,0.667040541379
3.44e-07,0.7,0.667486816824
3.46e-07,0.7,0.667921348865
3.48e-07,0.7,0.668344446521
3.5e-07,0.7,0.66875641068
3.52e-07,0.7,0.66915753431
3.54e-07,0.7,0.669548102672
3.56e-07,0.7,0.669928393521
3.58e-07,0.7,0.670298677301
3.6e-07,0.7,0.67065921734
3.62e-07,0.7,0.671010270039
3.64e-07,0.7,0.671352085049
3.66e-07,0.7,0.671684905453
3.68e-07,0.7,0.672008967938
3.7e-07,0.7,0.672324502961
3.72e-07,0.7,0.672631734917
3.74e-07,0.7,0.672930882294
3.76e-07,0.7,0.673222157831
3.78e-07,0.7,0.673505768672
3.8e-07,0.7,0.673781916505
3.82e-07,0.7,0.674050797715
3.84e-07,0.7,0.674312603518
3.86e-07,0.7,0.674567520097
3.88e-07,0.7,0.674815728737
3.9e-07,0.7,0.675057405953
3.92e-07,0.7,0.675292723615
3.94e-07,0.7,0.675521849068
3.96e-07,0.7,0.675744945257
3.98e-07,0.7,0.675962170836
4e-07,0.7,0.676173680287
4.02e-07,0.7,0.676379624026
4.04e-07,0.7,0.676580148509
4.06e-07,0.7,0.676775396341
4.08e-07,0.7,0.676965506373
4.1e-07,0.7,0.677150613801
4.12e-07,0.7,0.677330850266
4.14e-07,0.7,0.677506343944
4.16e-07,0.7,0.677677219637
4.18e-07,0.7,0.677843598865
4.2e-07,0.7,0.678005599947
4.22e-07,0.7,0.678163338093
4.24e-07,0.7,0.678316925477
4.26e-07,0.7,0.678466471324
4.28e-07,0.7,0.678612081985
4.3e-07,0.7,0.67875386101
4.32e-07,0.7,0.678891909226
4.34e-07,0.7,0.679026324807
4.36e-07,0.7,0.679157203343
4.38e-07,0.7,0.679284637908
4.4e-07,0.7,0.679408719128
4.42e-07,0.7,0.679529535244
4.44e-07,0.7,0.679647172174
4.46e-07,0.7,0.679761713576
4.48e-07,0.7,0.679873240907
4.5e-07,0.7,0.679981833481
4.52e-07,0.7,0.680087568521
4.54e-07,0.7,0.680190521224
4.56e-07,0.7,0.680290764803
4.58e-07,0.7,0.680388370548
4.6e-07,0.7,0.680483407871
4.62e-07,0.7,0.680575944357
4.64e-07,0.7,0.680666045816
4.66e-07,0.7,0.680753776322
4.68e-07,0.7,0.680839198265
4.7e-07,0.7,0.680922372394
4.72e-07,0.7,0.681003357859
4.74e-07,0.7,0.681082212251
4.76e-07,0.7,0.681158991649
4.78e-07,0.7,0.681233750655
4.8e-07,0.7,0.681306542434
4.82e-07,0.7,0.681377418751
4.84e-07,0.7,0.681446430012
4.86e-07,0.7,0.681513625292
4.88e-07,0.7,0.68157905238
4.9e-07,0.7,0.681642757802
4.92e-07,0.7,0.681704786864
4.94e-07,0.7,0.681765183678
4.96e-07,0.7,0.681823991195
4.98e-07,0.7,0.681881251236
5e-07,0.7,0.681937004522
5.02e-07,0.7,0.681991290702
5.04e-07,0.7,0.682044148382
5.06e-07,0.7,0.682095615152
5.08e-07,0.7,0.682145727612
5.1e-07,0.7,0.6821945214
5.12e-07,0.7,0.682242031217
5.14e-07,0.7,0.682288290848
5.16e-07,0.7,0.682333333191
5.18e-07,0.7,0.68237719028
5.2e-07,0.7,0.682419893301
5.22e-07,0.7,0.682461472625
5.24e-07,0.7,0.68250195782
5.26e-07,0.7,0.682541377677
5.28e-07,0.7,0.682579760231
5.3e-07,0.7,0.682617132776
5.32e-07,0.7,0.682653521891
5.34e-07,0.7,0.682688953453
5.36e-07,0.7,0.682723452661
5.38e-07,0.7,0.682757044047
5.4e-07,0.7,0.682789751502
5.42e-07,0.7,0.682821598284
5.44e-07,0.7,0.682852607042
5.46e-07,0.7,0.682882799828
5.48e-07,0.7,0.682912198114
5.5e-07,0.7,0.682940822805
5.52e-07,0.7,0.682968694259
5.54e-07,0.7,0.682995832297
5.56e-07,0.7,0.683022256218
5.58e-07,0.7,0.683047984813
5.6e-07,0.7,0.683073036379
5.62e-07,0.7,0.683097428732
5.64e-07,0.7,0.683121179218
5.66e-07,0.7,0.683144304729
5.68e-07,0.7,0.683166821709
5.7e-07,0.7,0.683188746171
5.72e-07,0.7,0.683210093708
5.74e-07,0.7,0.6832308795
5.76e-07,0.7,0.683251118329
5.78e-07,0.7,0.683270824589
5.8e-07,0.7,0.683290012294
5.82e-07,0.7,0.683308695088
5.84e-07,0.7,0.683326886259
5.86e-07,0.7,0.683344598743
5.88e-07,0.7,0.683361845136
5.9e-07,0.7,0.683378637703
5.92e-07,0.7,0.683394988386
5.94e-07,0.7,0.683410908813
5.96e-07,0.7,0.683426410306
5.98e-07,0.7,0.683441503889
6e-07,0.7,0.683456200296
6.02e-07,0.7,0.683470509978
6.04e-07,0.7,0.683484443111
6.06e-07,0.7,0.683498009604
6.08e-07,0.7,0.683511219105
6.1e-07,0.7,0.683524081008
6.12e-07,0.7,0.68353660446
6.14e-07,0.7,0.683548798366
6.16e-07,0.7,0.683560671399
6.18e-07,0.7,0.683572232002
6.2e-07,0.7,0.683583488396
6.22e-07,0.7,0.683594448587
6.24e-07,0.7,0.683605120369
6.26e-07,0.7,0.68361551133
6.28e-07,0.7,0.683625628861
6.3e-07,0.7,0.683635480157
6.32e-07,0.7,0.683645072224
6.34e-07,0.7,0.683654411882
6.36e-07,0.7,0.683663505775
6.38e-07,0.7,0.683672360368
6.4e-07,0.7,0.683680981959
6.42e-07,0.7,0.68368937668
6.44e-07,0.7,0.6836975505
6.46e-07,0.7,0.683705509232
6.48e-07,0.7,0.683713258536
6.5e-07,0.7,0.683720803923
6.52e-07,0.7,0.683728150758
6.54e-07,0.7,0.683735304267
6.56e-07,0.7,0.683742269537
6.58e-07,0.7,0.683749051521
6.6e-07,0.7,0.683755655042
6.62e-07,0.7,0.683762084797
6.64e-07,0.7,0.683768345357
6.66e-07,0.7,0.683774441175
6.68e-07,0.7,0.683780376587
6.7e-07,0.7,0.683786155812
6.72e-07,0.7,0.683791782962
6.74e-07,0.7,0.683797262037
6.76e-07,0.7,0.683802596935
6.78e-07,0.7,0.683807791449
6.8e-07,0.7,0.683812849273
6.82e-07,0.7,0.683817774004
6.84e-07,0.7,0.683822569144
6.86e-07,0.7,0.683827238104
6.88e-07,0.7,0.683831784204
6.9e-07,0.7,0.683836210677
6.92e-07,0.7,0.68384052067
6.94e-07,0.7,0.683844717249
6.96e-07,0.7,0.683848803398
6.98e-07,0.7,0.683852782024
7e-07,0.7,0.683856655954
7.02e-07,0.7,0.683860427945
7.04e-07,0.7,0.683864100679
7.06e-07,0.7,0.683867676768
7.08e-07,0.7,0.683871158755
7.1e-07,0.7,0.683874549116
7.12e-07,0.7,0.683877850262
7.14e-07,0.7,0.683881064541
7.16e-07,0.7,0.683884194238
7.18e-07,0.7,0.68388724158
7.2e-07,0.7,0.683890208733
7.22e-07,0.7,0.683893097808
7.24e-07,0.7,0.683895910859
7.26e-07,0.7,0.683898649887
7.28e-07,0.7,0.683901316839
7.3e-07,0.7,0.683903913613
7.32e-07,0.7,0.683906442054
7.34e-07,0.7,0.683908903961
7.36e-07,0.7,0.683911301085
7.38e-07,0.7,0.683913635131
7.4e-07,0.7,0.683915907758
7.42e-07,0.7,0.683918120582
7.44e-07,0.7,0.683920275177
7.46e-07,0.7,0.683922373076
7.48e-07,0.7,0.683924415771
7.5e-07,0.7,0.683926404713
7.52e-07,0.7,0.683928341318
7.54e-07,0.7,0.683930226962
7.56e-07,0.7,0.683932062988
7.58e-07,0.7,0.683933850699
7.6e-07,0.7,0.683935591368
7.62e-07,0.7,0.683937286233
7.64e-07,0.7,0.683938936499
7.66e-07,0.7,0.683940543339
7.68e-07,0.7,0.683942107897
7.7e-07,0.7,0.683943631284
7.72e-07,0.7,0.683945114585
7.74e-07,0.7,0.683946558853
7.76e-07,0.7,0.683947965117
7.78e-07,0.7,0.683949334376
7.8e-07,0.7,0.683950667604
7.82e-07,0.7,0.683951965749
7.84e-07,0.7,0.683953229734
7.86e-07,0.7,0.683954460459
7.88e-07,0.7,0.683955658798
7.9e-07,0.7,0.683956825603
7.92e-07,0.7,0.683957961705
7.94e-07,0.7,0.683959067911
7.96e-07,0.7,0.683960145009
7.98e-07,0.7,0.683961193763
8e-07,0.7,0.68396221492
8.02e-07,0.7,0.683963209206
8.04e-07,0.7,0.683964177328
8.06e-07,0.7,0.683965119975
8.08e-07,0.7,0.683966037817
8.1e-07,0.7,0.683966931506
8.12e-07,0.7,0.683967801679
8.14e-07,0.7,0.683968648953
8.16e-07,0.7,0.683969473933
8.18e-07,0.7,0.683970277203
8.2e-07,0.7,0.683971059336
8.22e-07,0.7,0.683971820888
8.24e-07,0.7,0.6839725624
8.26e-07,0.7,0.6839732844
8.28e-07,0.7,0.683973987401
8.3e-07,0.7,0.683974671903
8.32e-07,0.7,0.683975338393
8.34e-07,0.7,0.683975987345
8.36e-07,0.7,0.68397661922
8.38e-07,0.7,0.683977234468
8.4e-07,0.7,0.683977833526
8.42e-07,0.7,0.68397841682
8.44e-07,0.7,0.683978984765
8.46e-07,0.7,0.683979537765
8.48e-07,0.7,0.683980076213
8.5e-07,0.7,0.683980600493
8.52e-07,0.7,0.683981110976
8.54e-07,0.7,0.683981608027
8.56e-07,0.7,0.683982091998
8.58e-07,0.7,0.683982563234
8.6e-07,0.7,0.683983022069
8.62e-07,0.7,0.683983468831
8.64e-07,0.7,0.683983903836
8.66e-07,0.7,0.683984327394
8.68e-07,0.7,0.683984739807
8.7e-07,0.7,0.683985141368
8.72e-07,0.7,0.683985532362
8.74e-07,0.7,0.683985913067
8.76e-07,0.7,0.683986283754
8.78e-07,0.7,0.683986644686
8.8e-07,0.7,0.683986996122
8.82e-07,0.7,0.683987338309
8.84e-07,0.7,0.683987671492
8.86e-07,0.7,0.683987995907
8.88e-07,0.7,0.683988311786
8.9e-07,0.7,0.683988619353
8.92e-07,0.7,0.683988918826
8.94e-07,0.7,0.683989210419
8.96e-07,0.7,0.683989494338
8.98e-07,0.7,0.683989770787
9e-07,0.7,0.683990039961
9.02e-07,0.7,0.683990302052
9.04e-07,0.7,0.683990557246
9.06e-07,0.7,0.683990805725
9.08e-07,0.7,0.683991047666
9.1e-07,0.7,0.68399128324
9.12e-07,0.7,0.683991512615
9.14e-07,0.7,0.683991735954
9.16e-07,0.7,0.683991953416
9.18e-07,0.7,0.683992165156
9.2e-07,0.7,0.683992371324
9.22e-07,0.7,0.683992572067
9.24e-07,0.7,0.683992767527
9.26e-07,0.7,0.683992957844
9.28e-07,0.7,0.683993143153
9.3e-07,0.7,0.683993323586
9.32e-07,0.7,0.683993499271
9.34e-07,0.7,0.683993670333
9.36e-07,0.7,0.683993836893
9.38e-07,0.7,0.683993999071
9.4e-07,0.7,0.683994156981
9.42e-07,0.7,0.683994310735
9.44e-07,0.7,0.683994460444
9.46e-07,0.7,0.683994606213
9.48e-07,0.7,0.683994748147
9.5e-07,0.7,0.683994886345
9.52e-07,0.7,0.683995020907
9.54e-07,0.7,0.683995151929
9.56e-07,0.7,0.683995279502
9.58e-07,0.7,0.683995403718
9.6e-07,0.7,0.683995524666
9.62e-07,0.7,0.683995642431
9.64e-07,0.7,0.683995757097
9.66e-07,0.7,0.683995868746
9.68e-07,0.7,0.683995977457
9.7e-07,0.7,0.683996083307
9.72e-07,0.7,0.683996186372
9.74e-07,0.7,0.683996286725
9.76e-07,0.7,0.683996384437
9.78e-07,0.7,0.683996479578
9.8e-07,0.7,0.683996572215
9.82e-07,0.7,0.683996662414
9.84e-07,0.7,0.683996750241
9.86e-07,0.7,0.683996835756
9.88e-07,0.7,0.68399691902
9.9e-07,0.7,0.683997000094
9.92e-07,0.7,0.683997079034
9.94e-07,0.7,0.683997155897
9.96e-07,0.7,0.683997230738
9.98e-07,0.7,0.683997303609
1e-06,0.7,0.683997374562
1.002e-06,0.7,0.683997443649
1.004e-06,0.7,0.683997510917
1.006e-06,0.7,0.683997576415
1.008e-06,0.7,0.68399764019
1.01e-06,0.7,0.683997702287
1.012e-06,0.7,0.68399776275
1.014e-06,0.7,0.683997821621
1.016e-06,0.7,0.683997878943
1.018e-06,0.7,0.683997934757
1.02e-06,0.7,0.683997989103
1.022e-06,0.7,0.683998042018
1.024e-06,0.7,0.683998093541
1.026e-06,0.7,0.683998143708
1.028e-06,0.7,0.683998192555
1.03e-06,0.7,0.683998240116
1.032e-06,0.7,0.683998286426
1.034e-06,0.7,0.683998331518
1.036e-06,0.7,0.683998375423
1.038e-06,0.7,0.683998418172
1.04e-06,0.7,0.683998459797
1.042e-06,0.7,0.683998500326
1.044e-06,0.7,0.683998539789
1.046e-06,0.7,0.683998578213
1.048e-06,0.7,0.683998615627
1.05e-06,0.7,0.683998652055
1.052e-06,0.7,0.683998687525
1.054e-06,0.7,0.683998722062
1.056e-06,0.7,0.68399875569
1.058e-06,0.7,0.683998788433
1.06e-06,0.7,0.683998820315
1.062e-06,0.7,0.683998851357
1.064e-06,0.7,0.683998881583
1.066e-06,0.7,0.683998911013
1.068e-06,0.7,0.683998939669
1.07e-06,0.7,0.683998967571
1.072e-06,0.7,0.683998994739
1.074e-06,0.7,0.683999021191
1.076e-06,0.7,0.683999046948
1.078e-06,0.7,0.683999072027
1.08e-06,0.7,0.683999096446
1.082e-06,0.7,0.683999120222
1.084e-06,0.7,0.683999143373
1.086e-06,0.7,0.683999165914
1.088e-06,0.7,0.683999187863
1.09e-06,0.7,0.683999209233
1.092e-06,0.7,0.683999230042
1.094e-06,0.7,0.683999250303
1.096e-06,0.7,0.68399927003
1.098e-06,0.7,0.683999289239
1.1e-06,0.7,0.683999307942
1.102e-06,0.7,0.683999326153
1.104e-06,0.7,0.683999343885
1.106e-06,0.7,0.68399936115
1.108e-06,0.7,0.683999377961
1.11e-06,0.7,0.683999394329
1.112e-06,0.7,0.683999410267
1.114e-06,0.7,0.683999425786
1.116e-06,0.7,0.683999440896
1.118e-06,0.7,0.683999455608
1.12e-06,0.7,0.683999469933
1.122e-06,0.7,0.683999483882
1.124e-06,0.7,0.683999497463
1.126e-06,0.7,0.683999510687
1.128e-06,0.7,0.683999523563
1.13e-06,0.7,0.6839995361
1.132e-06,0.7,0.683999548307
1.134e-06,0.7,0.683999560193
1.136e-06,0.7,0.683999571766
1.138e-06,0.7,0.683999583035
1.14e-06,0.7,0.683999594007
1.142e-06,0.7,0.68399960469
1.144e-06,0.7,0.683999615093
1.146e-06,0.7,0.683999625221
1.148e-06,0.7,0.683999635083
1.15e-06,0.7,0.683999644686
1.152e-06,0.7,0.683999654035
1.154e-06,0.7,0.683999663139
1.156e-06,0.7,0.683999672004
1.158e-06,0.7,0.683999680634
1.16e-06,0.7,0.683999689038
1.162e-06,0.7,0.683999697221
1.164e-06,0.7,0.683999705188
1.166e-06,0.7,0.683999712946
1.168e-06,0.7,0.6839997205
1.17e-06,0.7,0.683999727855
1.172e-06,0.7,0.683999735016
1.174e-06,0.7,0.683999741989
1.176e-06,0.7,0.683999748778
1.178e-06,0.7,0.683999755389
1.18e-06,0.7,0.683999761826
1.182e-06,0.7,0.683999768093
1.184e-06,0.7,0.683999774195
1.186e-06,0.7,0.683999780137
1.188e-06,0.7,0.683999785923
1.19e-06,0.7,0.683999791556
1.192e-06,0.7,0.683999797041
1.194e-06,0.7,0.683999802382
1.196e-06,0.7,0.683999807582
1.198e-06,0.7,0.683999812645
1.2e-06,-0.6,0.683999817576
1.202e-06,-0.6,0.677799817576
1.204e-06,-0.6,0.671599817576
1.206e-06,-0.6,0.665399817576
1.208e-06,-0.6,0.659199817576
1.21e-06,-0.6,0.652999817576
1.212e-06,-0.6,0.646799817576
1.214e-06,-0.6,0.640599817576
1.216e-06,-0.6,0.634399817576
1.218e-06,-0.6,0.628199817576
1.22e-06,-0.6,0.621999817576
1.222e-06,-0.6,0.615799817576
1.224e-06,-0.6,0.609599817576
1.226e-06,-0.6,0.603399817576
1.228e-06,-0.6,0.597199817576
1.23e-06,-0.6,0.590999817576
1.232e-06,-0.6,0.584799817576
1.234e-06,-0.6,0.578599817576
1.236e-06,-0.6,0.572399817576
1.238e-06,-0.6,0.566199817576
1.24e-06,-0.6,0.559999817576
1.242e-06,-0.6,0.553799817576
1.244e-06,-0.6,0.547599817576
1.246e-06,-0.6,0.541399817576
1.248e-06,-0.6,0.535199817576
1.25e-06,-0.6,0.528999817576
1.252e-06,-0.6,0.522799817576
1.254e-06,-0.6,0.516599817576
1.256e-06,-0.6,0.510399817576
1.258e-06,-0.6,0.504199817576
1.26e-06,-0.6,0.497999817576
1.262e-06,-0.6,0.491799817576
1.264e-06,-0.6,0.485599817576
1.266e-06,-0.6,0.479399817576
1.268e-06,-0.6,0.473199817576
1.27e-06,-0.6,0.466999817576
1.272e-06,-0.6,0.460799817576
1.274e-06,-0.6,0.454599817576
1.276e-06,-0.6,0.448399817576
1.278e-06,-0.6,0.442199817576
1.28e-06,-0.6,0.435999817576
1.282e-06,-0.6,0.429799817576
1.284e-06,-0.6,0.423599817576
1.286e-06,-0.6,0.417399817576
1.288e-06,-0.6,0.411199817576
1.29e-06,-0.6,0.404999817576
1.292e-06,-0.6,0.398799817576
1.294e-06,-0.6,0.392599817576
1.296e-06,-0.6,0.386399817576
1.298e-06,-0.6,0.380199817576
1.3e-06,-0.6,0.373999817576
1.302e-06,-0.6,0.367799817576
1.304e-06,-0.6,0.361599817576
1.306e-06,-0.6,0.355399817576
1.308e-06,-0.6,0.349199817576
1.31e-06,-0.6,0.342999817576
1.312e-06,-0.6,0.336799817576
1.314e-06,-0.6,0.330599817576
1.316e-06,-0.6,0.324399817576
1.318e-06,-0.6,0.318199817576
1.32e-06,-0.6,0.311999817576
1.322e-06,-0.6,0.305799817576
1.324e-06,-0.6,0.299599817576
1.326e-06,-0.6,0.293399817576
1.328e-06,-0.6,0.287199817576
1.33e-06,-0.6,0.280999817576
1.332e-06,-0.6,0.274799817576
1.334e-06,-0.6,0.268599817576
1.336e-06,-0.6,0.262399817576
1.338e-06,-0.6,0.256199817576
1.34e-06,-0.6,0.249999817576
1.342e-06,-0.6,0.243799817576
1.344e-06,-0.6,0.237599817576
1.346e-06,-0.6,0.231399817576
1.348e-06,-0.6,0.225199817576
1.35e-06,-0.6,0.218999817576
1.352e-06,-0.6,0.212799817576
1.354e-06,-0.6,0.206599817576
1.356e-06,-0.6,0.200399817576
1.358e-06,-0.6,0.194199817576
1.36e-06,-0.6,0.187999817576
1.362e-06,-0.6,0.181799817576
1.364e-06,-0.6,0.175599817576
1.366e-06,-0.6,0.169399817576
1.368e-06,-0.6,0.163199817576
1.37e-06,-0.6,0.156999817576
1.372e-06,-0.6,0.150799817576
1.374e-06,-0.6,0.144599817576
1.376e-06,-0.6,0.138399817576
1.378e-06,-0.6,0.132199817576
1.38e-06,-0.6,0.125999817576
1.382e-06,-0.6,0.119799817576
1.384e-06,-0.6,0.113599817576
1.386e-06,-0.6,0.107399817576
1.388e-06,-0.6,0.101199817576
1.39e-06,-0.6,0.0949998175755
1.392e-06,-0.6,0.0887998175755
1.394e-06,-0.6,0.0825998175755
1.396e-06,-0.6,0.0763998175755
1.398e-06,-0.6,0.0701998175755
1.4e-06,-0.6,0.0639998175755
1.402e-06,-0.6,0.0577998175755
1.404e-06,-0.6,0.0515998175755
1.406e-06,-0.6,0.0453998175755
1.408e-06,-0.6,0.0391998175755
1.41e-06,-0.6,0.0329998175755
1.412e-06,-0.6,0.0267998175755
1.414e-06,-0.6,0.0205998175755
1.416e-06,-0.6,0.0143998175755
1.418e-06,-0.6,0.00819981757552
1.42e-06,-0.6,0.00199981757552
1.422e-06,-0.6,-0.00420018242448
1.424e-06,-0.6,-0.0104001824245
1.426e-06,-0.6,-0.0166001824245
1.428e-06,-0.6,-0.0228001824245
1.43e-06,-0.6,-0.0290001824245
1.432e-06,-0.6,-0.0352001824245
1.434e-06,-0.6,-0.0414001824245
1.436e-06,-0.6,-0.0476001824245
1.438e-06,-0.6,-0.0538001824245
1.44e-06,-0.6,-0.0600001824245
1.442e-06,-0.6,-0.0662001824245
1.444e-06,-0.6,-0.0724001824245
1.446e-06,-0.6,-0.0786001824245
1.448e-06,-0.6,-0.0848001824245
1.45e-06,-0.6,-0.0910001824245
1.452e-06,-0.6,-0.0972001824245
1.454e-06,-0.6,-0.103400182424
1.456e-06,-0.6,-0.109600182424
1.458e-06,-0.6,-0.115800182424
1.46e-06,-0.6,-0.122000182424
1.462e-06,-0.6,-0.128200182424
1.464e-06,-0.6,-0.134400182424
1.466e-06,-0.6,-0.140600182424
1.468e-06,-0.6,-0.146800182424
1.47e-06,-0.6,-0.153000182424
1.472e-06,-0.6,-0.159200182424
1.474e-06,-0.6,-0.165400182424
1.476e-06,-0.6,-0.171600182424
1.478e-06,-0.6,-0.177800182424
1.48e-06,-0.6,-0.184000182424
1.482e-06,-0.6,-0.190200182424
1.484e-06,-0.6,-0.196400182424
1.486e-06,-0.6,-0.202600182424
1.488e-06,-0.6,-0.208800182424
1.49e-06,-0.6,-0.215000182424
1.492e-06,-0.6,-0.221200182424
1.494e-06,-0.6,-0.227400182424
1.496e-06,-0.6,-0.233600182424
1.498e-06,-0.6,-0.239800182424
1.5e-06,-0.6,-0.246000182424
1.502e-06,-0.6,-0.252200182424
1.504e-06,-0.6,-0.258400182424
1.506e-06,-0.6,-0.264600182424
1.508e-06,-0.6,-0.270800182424
1.51e-06,-0.6,-0.277000182424
1.512e-06,-0.6,-0.283200182424
1.514e-06,-0.6,-0.289400182424
1.516e-06,-0.6,-0.295600182424
1.518e-06,-0.6,-0.301800182424
1.52e-06,-0.6,-0.308000182424
1.522e-06,-0.6,-0.314200182424
1.524e-06,-0.6,-0.320400182424
1.526e-06,-0.6,-0.326600182424
1.528e-06,-0.6,-0.332796553763
1.53e-06,-0.6,-0.338880499198
1.532e-06,-0.6,-0.344804350167
1.534e-06,-0.6,-0.350572319438
1.536e-06,-0.6,-0.356188508919
1.538e-06,-0.6,-0.361656912583
1.54e-06,-0.6,-0.366981419302
1.542e-06,-0.6,-0.372165815616
1.544e-06,-0.6,-0.377213788427
1.546e-06,-0.6,-0.382128927615
1.548e-06,-0.6,-0.3869147286
1.55e-06,-0.6,-0.391574594817
1.552e-06,-0.6,-0.396111840147
1.554e-06,-0.6,-0.400529691266
1.556e-06,-0.6,-0.404831289943
1.558e-06,-0.6,-0.409019695275
1.56e-06,-0.6,-0.413097885859
1.562e-06,-0.6,-0.417068761913
1.564e-06,-0.6,-0.42093514734
1.566e-06,-0.6,-0.424699791732
1.568e-06,-0.6,-0.428365372327
1.57e-06,-0.6,-0.431934495916
1.572e-06,-0.6,-0.435409700693
1.574e-06,-0.6,-0.438793458059
1.576e-06,-0.6,-0.442088174387
1.578e-06,-0.6,-0.445296192723
1.58e-06,-0.6,-0.44841979446
1.582e-06,-0.6,-0.451461200958
1.584e-06,-0.6,-0.454422575124
1.586e-06,-0.6,-0.457306022947
1.588e-06,-0.6,-0.460113595002
1.59e-06,-0.6,-0.462847287902
1.592e-06,-0.6,-0.465509045722
1.594e-06,-0.6,-0.468100761379
1.596e-06,-0.6,-0.470624277981
1.598e-06,-0.6,-0.473081390134
1.6e-06,-0.6,-0.475473845223
1.602e-06,-0.6,-0.477803344649
1.604e-06,-0.6,-0.480071545042
1.606e-06,-0.6,-0.482280059443
1.608e-06,-0.6,-0.484430458441
1.61e-06,-0.6,-0.486524271302
1.612e-06,-0.6,-0.488562987046
1.614e-06,-0.6,-0.490548055513
1.616e-06,-0.6,-0.49248088839
1.618e-06,-0.6,-0.494362860219
1.62e-06,-0.6,-0.49619530937
1.622e-06,-0.6,-0.497979538994
1.624e-06,-0.6,-0.499716817953
1.626e-06,-0.6,-0.501408381718
1.628e-06,-0.6,-0.503055433249
1.63e-06,-0.6,-0.504659143854
1.632e-06,-0.6,-0.506220654017
1.634e-06,-0.6,-0.507741074209
1.636e-06,-0.6,-0.509221485683
1.638e-06,-0.6,-0.510662941239
1.64e-06,-0.6,-0.512066465972
1.642e-06,-0.6,-0.513433058004
1.644e-06,-0.6,-0.51476368919
1.646e-06,-0.6,-0.516059305813
1.648e-06,-0.6,-0.517320829256
1.65e-06,-0.6,-0.518549156655
1.652e-06,-0.6,-0.519745161539
1.654e-06,-0.6,-0.520909694451
1.656e-06,-0.6,-0.522043583551
1.658e-06,-0.6,-0.52314763521
1.66e-06,-0.6,-0.524222634577
1.662e-06,-0.6,-0.525269346141
1.664e-06,-0.6,-0.526288514274
1.666e-06,-0.6,-0.527280863762
1.668e-06,-0.6,-0.528247100316
1.67e-06,-0.6,-0.52918791108
1.672e-06,-0.6,-0.530103965113
1.674e-06,-0.6,-0.530995913871
1.676e-06,-0.6,-0.531864391666
1.678e-06,-0.6,-0.532710016118
1.68e-06,-0.6,-0.533533388597
1.682e-06,-0.6,-0.534335094646
1.684e-06,-0.6,-0.535115704401
1.686e-06,-0.6,-0.535875772995
1.688e-06,-0.6,-0.536615840953
1.69e-06,-0.6,-0.537336434578
1.692e-06,-0.6,-0.538038066322
1.694e-06,-0.6,-0.538721235152
1.696e-06,-0.6,-0.539386426906
1.698e-06,-0.6,-0.540034114638
1.7e-06,-0.6,-0.540664758952
1.702e-06,-0.6,-0.541278808334
1.704e-06,-0.6,-0.541876699467
1.706e-06,-0.6,-0.542458857542
1.708e-06,-0.6,-0.543025696564
1.71e-06,-0.6,-0.543577619642
1.712e-06,-0.6,-0.544115019277
1.714e-06,-0.6,-0.544638277644
1.716e-06,-0.6,-0.545147766859
1.718e-06,-0.6,-0.545643849247
1.72e-06,-0.6,-0.546126877599
1.722e-06,-0.6,-0.546597195422
1.724e-06,-0.6,-0.547055137183
1.726e-06,-0.6,-0.547501028551
1.728e-06,-0.6,-0.547935186621
1.73e-06,-0.6,-0.548357920147
1.732e-06,-0.6,-0.548769529757
1.734e-06,-0.6,-0.549170308168
1.736e-06,-0.6,-0.549560540396
1.738e-06,-0.6,-0.549940503955
1.74e-06,-0.6,-0.550310469058
1.742e-06,-0.6,-0.550670698806
1.744e-06,-0.6,-0.551021449379
1.746e-06,-0.6,-0.551362970213
1.748e-06,-0.6,-0.551695504182
1.75e-06,-0.6,-0.552019287769
1.752e-06,-0.6,-0.552334551234
1.754e-06,-0.6,-0.552641518777
1.756e-06,-0.6,-0.552940408699
1.758e-06,-0.6,-0.553231433556
1.76e-06,-0.6,-0.553514800313
1.762e-06,-0.6,-0.553790710485
1.764e-06,-0.6,-0.554059360289
1.766e-06,-0.6,-0.554320940773
1.768e-06,-0.6,-0.554575637964
1.77e-06,-0.6,-0.554823632989
1.772e-06,-0.6,-0.55506510221
1.774e-06,-0.6,-0.55530021735
1.776e-06,-0.6,-0.555529145612
1.778e-06,-0.6,-0.555752049797
1.78e-06,-0.6,-0.555969088426
1.782e-06,-0.6,-0.556180415846
1.784e-06,-0.6,-0.556386182344
1.786e-06,-0.6,-0.55658653425
1.788e-06,-0.6,-0.556781614046
1.79e-06,-0.6,-0.556971560463
1.792e-06,-0.6,-0.557156508583
1.794e-06,-0.6,-0.557336589931
1.796e-06,-0.6,-0.557511932574
1.798e-06,-0.6,-0.557682661206
1.8e-06,-0.6,-0.557848897243
1.802e-06,-0.6,-0.558010758902
1.804e-06,-0.6,-0.558168361294
1.806e-06,-0.6,-0.558321816496
1.808e-06,-0.6,-0.55847123364
1.81e-06,-0.6,-0.558616718984
1.812e-06,-0.6,-0.55875837599
1.814e-06,-0.6,-0.558896305398
1.816e-06,-0.6,-0.559030605297
1.818e-06,-0.6,-0.559161371195
1.82e-06,-0.6,-0.559288696086
1.822e-06,-0.6,-0.559412670518
1.824e-06,-0.6,-0.559533382656
1.826e-06,-0.6,-0.559650918344
1.828e-06,-0.6,-0.559765361169
1.83e-06,-0.6,-0.559876792516
1.832e-06,-0.6,-0.559985291632
1.834e-06,-0.6,-0.560090935674
1.836e-06,-0.6,-0.560193799772
1.838e-06,-0.6,-0.560293957079
1.84e-06,-0.6,-0.560391478822
1.842e-06,-0.6,-0.560486434352
1.844e-06,-0.6,-0.560578891199
1.846e-06,-0.6,-0.560668915114
1.848e-06,-0.6,-0.560756570117
1.85e-06,-0.6,-0.560841918543
1.852e-06,-0.6,-0.56092502109
1.854e-06,-0.6,-0.561005936856
1.856e-06,-0.6,-0.561084723384
1.858e-06,-0.6,-0.561161436704
1.86e-06,-0.6,-0.56123613137
1.862e-06,-0.6,-0.561308860502
1.864e-06,-0.6,-0.561379675821
1.866e-06,-0.6,-0.561448627688
1.868e-06,-0.6,-0.561515765139
1.87e-06,-0.6,-0.561581135918
1.872e-06,-0.6,-0.561644786513
1.874e-06,-0.6,-0.561706762191
1.876e-06,-0.6,-0.561767107026
1.878e-06,-0.6,-0.561825863931
1.88e-06,-0.6,-0.561883074693
1.882e-06,-0.6,-0.561938779996
1.884e-06,-0.6,-0.561993019456
1.886e-06,-0.6,-0.562045831645
1.888e-06,-0.6,-0.562097254121
1.89e-06,-0.6,-0.562147323453
1.892e-06,-0.6,-0.562196075248
1.894e-06,-0.6,-0.562243544176
1.896e-06,-0.6,-0.562289763995
1.898e-06,-0.6,-0.562334767573
1.9e-06,-0.6,-0.562378586917
1.902e-06,-0.6,-0.562421253187
1.904e-06,-0.6,-0.562462796727
1.906e-06,-0.6,-0.562503247079
1.908e-06,-0.6,-0.56254263301
1.91e-06,-0.6,-0.562580982531
1.912e-06,-0.6,-0.562618322912
1.914e-06,-0.6,-0.562654680709
1.916e-06,-0.6,-0.562690081778
1.918e-06,-0.6,-0.562724551295
1.92e-06,-0.6,-0.562758113771
1.922e-06,-0.6,-0.562790793077
1.924e-06,-0.6,-0.562822612451
1.926e-06,-0.6,-0.562853594522
1.928e-06,-0.6,-0.562883761323
1.93e-06,-0.6,-0.562913134307
1.932e-06,-0.6,-0.562941734364
1.934e-06,-0.6,-0.562969581831
1.936e-06,-0.6,-0.562996696513
1.938e-06,-0.6,-0.563023097692
1.94e-06,-0.6,-0.563048804145
1.942e-06,-0.6,-0.563073834151
1.944e-06,-0.6,-0.563098205511
1.946e-06,-0.6,-0.563121935557
1.948e-06,-0.6,-0.563145041165
1.95e-06,-0.6,-0.563167538766
1.952e-06,-0.6,-0.56318944436
1.954e-06,-0.6,-0.563210773524
1.956e-06,-0.6,-0.563231541427
1.958e-06,-0.6,-0.563251762839
1.96e-06,-0.6,-0.563271452139
1.962e-06,-0.6,-0.56329062333
1.964e-06,-0.6,-0.563309290045
1.966e-06,-0.6,-0.56332746556
1.968e-06,-0.6,-0.5633451628
1.97e-06,-0.6,-0.56336239435
1.972e-06,-0.6,-0.563379172465
1.974e-06,-0.6,-0.563395509077
1.976e-06,-0.6,-0.563411415802
1.978e-06,-0.6,-0.563426903954
1.98e-06,-0.6,-0.563441984547
1.982e-06,-0.6,-0.563456668306
1.984e-06,-0.6,-0.563470965672
1.986e-06,-0.6,-0.563484886814
1.988e-06,-0.6,-0.563498441632
1.99e-06,-0.6,-0.563511639764
1.992e-06,-0.6,-0.563524490598
1.994e-06,-0.6,-0.563537003271
1.996e-06,-0.6,-0.563549186683
1.998e-06,-0.6,-0.563561049498
2e-06,-0.6,-0.563572600152
2.002e-06,-0.6,-0.563583846858
2.004e-06,-0.6,-0.563594797616
2.006e-06,-0.6,-0.563605460213
2.008e-06,-0.6,-0.563615842232
2.01e-06,-0.6,-0.563625951056
2.012e-06,-0.6,-0.563635793874
2.014e-06,-0.6,-0.563645377685
2.016e-06,-0.6,-0.563654709306
2.018e-06,-0.6,-0.563663795371
2.02e-06,-0.6,-0.563672642344
2.022e-06,-0.6,-0.563681256516
2.024e-06,-0.6,-0.563689644012
2.026e-06,-0.6,-0.563697810797
2.028e-06,-0.6,-0.563705762679
2.03e-06,-0.6,-0.563713505314
2.032e-06,-0.6,-0.563721044207
2.034e-06,-0.6,-0.56372838472
2.036e-06,-0.6,-0.563735532072
2.038e-06,-0.6,-0.563742491347
2.04e-06,-0.6,-0.563749267495
2.042e-06,-0.6,-0.563755865333
2.044e-06,-0.6,-0.563762289554
2.046e-06,-0.6,-0.563768544726
2.048e-06,-0.6,-0.563774635298
2.05e-06,-0.6,-0.563780565601
2.052e-06,-0.6,-0.563786339853
2.054e-06,-0.6,-0.56379196216
2.056e-06,-0.6,-0.563797436519
2.058e-06,-0.6,-0.563802766826
2.06e-06,-0.6,-0.563807956869
2.062e-06,-0.6,-0.56381301034
2.064e-06,-0.6,-0.563817930833
2.066e-06,-0.6,-0.563822721846
2.068e-06,-0.6,-0.563827386788
2.07e-06,-0.6,-0.563831928976
2.072e-06,-0.6,-0.563836351639
2.074e-06,-0.6,-0.563840657923
2.076e-06,-0.6,-0.56384485089
2.078e-06,-0.6,-0.563848933523
2.08e-06,-0.6,-0.563852908724
2.082e-06,-0.6,-0.56385677932
2.084e-06,-0.6,-0.563860548065
2.086e-06,-0.6,-0.563864217638
2.088e-06,-0.6,-0.563867790649
2.09e-06,-0.6,-0.563871269639
2.092e-06,-0.6,-0.563874657082
2.094e-06,-0.6,-0.563877955387
2.096e-06,-0.6,-0.5638811669
2.098e-06,-0.6,-0.563884293904
2.1e-06,-0.6,-0.563887338623
2.102e-06,-0.6,-0.563890303223
2.104e-06,-0.6,-0.563893189811
2.106e-06,-0.6,-0.563896000441
2.108e-06,-0.6,-0.563898737112
2.11e-06,-0.6,-0.563901401769
2.112e-06,-0.6,-0.563903996307
2.114e-06,-0.6,-0.563906522573
2.116e-06,-0.6,-0.563908982361
2.118e-06,-0.6,-0.563911377422
2.12e-06,-0.6,-0.563913709459
2.122e-06,-0.6,-0.56391598013
2.124e-06,-0.6,-0.56391819105
2.126e-06,-0.6,-0.563920343791
2.128e-06,-0.6,-0.563922439884
2.13e-06,-0.6,-0.563924480821
2.132e-06,-0.6,-0.563926468051
2.134e-06,-0.6,-0.563928402989
2.136e-06,-0.6,-0.563930287011
2.138e-06,-0.6,-0.563932121456
2.14e-06,-0.6,-0.563933907629
2.142e-06,-0.6,-0.5639356468
2.144e-06,-0.6,-0.563937340207
2.146e-06,-0.6,-0.563938989052
2.148e-06,-0.6,-0.563940594509
2.15e-06,-0.6,-0.56394215772
2.152e-06,-0.6,-0.563943679797
2.154e-06,-0.6,-0.563945161821
2.156e-06,-0.6,-0.563946604846
2.158e-06,-0.6,-0.5639480099
2.16e-06,-0.6,-0.56394937798
2.162e-06,-0.6,-0.563950710061
2.164e-06,-0.6,-0.563952007089
2.166e-06,-0.6,-0.563953269986
2.168e-06,-0.6,-0.563954499651
2.17e-06,-0.6,-0.563955696959
2.172e-06,-0.6,-0.56395686276
2.174e-06,-0.6,-0.563957997884
2.176e-06,-0.6,-0.563959103139
2.178e-06,-0.6,-0.563960179309
2.18e-06,-0.6,-0.563961227161
2.182e-06,-0.6,-0.563962247439
2.184e-06,-0.6,-0.563963240869
2.186e-06,-0.6,-0.563964208158
2.188e-06,-0.6,-0.563965149994
2.19e-06,-0.6,-0.563966067045
2.192e-06,-0.6,-0.563966959966
2.194e-06,-0.6,-0.563967829389
2.196e-06,-0.6,-0.563968675935
2.198e-06,-0.6,-0.563969500204
2.2e-06,-0.6,-0.563970302783
2.202e-06,-0.6,-0.563971084243
2.204e-06,-0.6,-0.56397184514
2.206e-06,-0.6,-0.563972586014
2.208e-06,-0.6,-0.563973307392
2.21e-06,-0.6,-0.563974009788
2.212e-06,-0.6,-0.563974693701
2.214e-06,-0.6,-0.563975359618
2.216e-06,-0.6,-0.563976008011
2.218e-06,-0.6,-0.563976639342
2.22e-06,-0.6,-0.56397725406
2.222e-06,-0.6,-0.563977852603
2.224e-06,-0.6,-0.563978435395
2.226e-06,-0.6,-0.563979002851
2.228e-06,-0.6,-0.563979555375
2.23e-06,-0.6,-0.56398009336
2.232e-06,-0.6,-0.563980617189
2.234e-06,-0.6,-0.563981127233
2.236e-06,-0.6,-0.563981623856
2.238e-06,-0.6,-0.56398210741
2.24e-06,-0.6,-0.56398257824
2.242e-06,-0.6,-0.563983036681
2.244e-06,-0.6,-0.563983483058
2.246e-06,-0.6,-0.563983917689
2.248e-06,-0.6,-0.563984340883
2.25e-06,-0.6,-0.563984752941
2.252e-06,-0.6,-0.563985154156
2.254e-06,-0.6,-0.563985544813
2.256e-06,-0.6,-0.56398592519
2.258e-06,-0.6,-0.563986295558
2.26e-06,-0.6,-0.56398665618
2.262e-06,-0.6,-0.563987007313
2.264e-06,-0.6,-0.563987349206
2.266e-06,-0.6,-0.563987682102
2.268e-06,-0.6,-0.563988006238
2.27e-06,-0.6,-0.563988321845
2.272e-06,-0.6,-0.563988629147
2.274e-06,-0.6,-0.563988928363
2.276e-06,-0.6,-0.563989219704
2.278e-06,-0.6,-0.56398950338
2.28e-06,-0.6,-0.56398977959
2.282e-06,-0.6,-0.563990048533
2.284e-06,-0.6,-0.563990310398
2.286e-06,-0.6,-0.563990565373
2.288e-06,-0.6,-0.563990813638
2.29e-06,-0.6,-0.56399105537
2.292e-06,-0.6,-0.563991290742
2.294e-06,-0.6,-0.563991519919
2.296e-06,-0.6,-0.563991743066
2.298e-06,-0.6,-0.563991960341
2.3e-06,-0.6,-0.563992171899
2.302e-06,-0.6,-0.563992377889
2.304e-06,-0.6,-0.563992578459
2.306e-06,-0.6,-0.563992773752
2.308e-06,-0.6,-0.563992963905
2.31e-06,-0.6,-0.563993149055
2.312e-06,-0.6,-0.563993329332
2.314e-06,-0.6,-0.563993504866
2.316e-06,-0.6,-0.56399367578
2.318e-06,-0.6,-0.563993842197
2.32e-06,-0.6,-0.563994004235
2.322e-06,-0.6,-0.563994162009
2.324e-06,-0.6,-0.563994315632
2.326e-06,-0.6,-0.563994465212
2.328e-06,-0.6,-0.563994610855
2.33e-06,-0.6,-0.563994752667
2.332e-06,-0.6,-0.563994890746
2.334e-06,-0.6,-0.563995025193
2.336e-06,-0.6,-0.563995156101
2.338e-06,-0.6,-0.563995283565
2.34e-06,-0.6,-0.563995407674
2.342e-06,-0.6,-0.563995528518
2.344e-06,-0.6,-0.563995646181
2.346e-06,-0.6,-0.563995760749
2.348e-06,-0.6,-0.563995872301
2.35e-06,-0.6,-0.563995980919
2.352e-06,-0.6,-0.563996086678
2.354e-06,-0.6,-0.563996189654
2.356e-06,-0.6,-0.56399628992
2.358e-06,-0.6,-0.563996387548
2.36e-06,-0.6,-0.563996482607
2.362e-06,-0.6,-0.563996575165
2.364e-06,-0.6,-0.563996665287
2.366e-06,-0.6,-0.563996753037
2.368e-06,-0.6,-0.563996838479
2.37e-06,-0.6,-0.563996921672
2.372e-06,-0.6,-0.563997002676
2.374e-06,-0.6,-0.563997081548
2.376e-06,-0.6,-0.563997158345
2.378e-06,-0.6,-0.563997233121
2.38e-06,-0.6,-0.563997305929
2.382e-06,-0.6,-0.563997376822
2.384e-06,-0.6,-0.563997445849
2.386e-06,-0.6,-0.563997513059
2.388e-06,-0.6,-0.563997578501
2.39e-06,-0.6,-0.563997642221
2.392e-06,-0.6,-0.563997704264
2.394e-06,-0.6,-0.563997764675
2.396e-06,-0.6,-0.563997823496
2.398e-06,-0.6,-0.563997880769
2.4e-06,-0.6,-0.563997936535
2.402e-06,-0.6,-0.563997990833
2.404e-06,-0.6,-0.563998043703
2.406e-06,-0.6,-0.563998095182
2.408e-06,-0.6,-0.563998145306
2.41e-06,-0.6,-0.56399819411
2.412e-06,-0.6,-0.563998241631
2.414e-06,-0.6,-0.563998287901
2.416e-06,-0.6,-0.563998332954
2.418e-06,-0.6,-0.563998376821
2.42e-06,-0.6,-0.563998419534
2.422e-06,-0.6,-0.563998461122
2.424e-06,-0.6,-0.563998501617
2.426e-06,-0.6,-0.563998541046
2.428e-06,-0.6,-0.563998579437
2.43e-06,-0.6,-0.563998616818
2.432e-06,-0.6,-0.563998653215
2.434e-06,-0.6,-0.563998688655
2.436e-06,-0.6,-0.563998723162
2.438e-06,-0.6,-0.563998756761
2.44e-06,-0.6,-0.563998789476
2.442e-06,-0.6,-0.56399882133
2.444e-06,-0.6,-0.563998852346
2.446e-06,-0.6,-0.563998882546
2.448e-06,-0.6,-0.56399891195
2.45e-06,-0.6,-0.563998940582
2.452e-06,-0.6,-0.563998968459
2.454e-06,-0.6,-0.563998995604
2.456e-06,-0.6,-0.563999022034
2.458e-06,-0.6,-0.563999047768
2.46e-06,-0.6,-0.563999072825
2.462e-06,-0.6,-0.563999097223
2.464e-06,-0.6,-0.563999120979
2.466e-06,-0.6,-0.56399914411
2.468e-06,-0.6,-0.563999166632
2.47e-06,-0.6,-0.563999188561
2.472e-06,-0.6,-0.563999209914
2.474e-06,-0.6,-0.563999230704
2.476e-06,-0.6,-0.563999250948
2.478e-06,-0.6,-0.563999270659
2.48e-06,-0.6,-0.563999289851
2.482e-06,-0.6,-0.563999308538
2.484e-06,-0.6,-0.563999326733
2.486e-06,-0.6,-0.56399934445
2.488e-06,-0.6,-0.5639993617
2.49e-06,-0.6,-0.563999378496
2.492e-06,-0.6,-0.563999394851
2.494e-06,-0.6,-0.563999410775
2.496e-06,-0.6,-0.56399942628
2.498e-06,-0.6,-0.563999441377
2.5e-06,-0.6,-0.563999456077
