condition,card,backend,profile,execution_status,observation_status,sample_count,max_gap_s,max_observed_error_v,plateau_error_v,formal_dvs_qualification
v1-main,d2_v1_01,evas,base,waveform_available,observations_within_targets,4001,1.0000000000004986e-09,1.1224354778960333e-13,,I
v1-main,d2_v1_01,evas,fine,waveform_available,observations_within_targets,40003,1.0000000099971815e-10,7.502887200416808e-13,,I
v2-input-common-mode,d2_v2_01,evas,base,waveform_available,observations_within_targets,4001,1.0000000000004986e-09,5.1514348342607263e-14,,I
v2-input-common-mode,d2_v2_01,evas,fine,waveform_available,observations_within_targets,40002,1.0000000099971815e-10,1.2523315717771766e-13,,I
v2-main,d2_v2_01,evas,base,waveform_available,observations_within_targets,4001,1.0000000000004986e-09,5.1514348342607263e-14,,I
v2-main,d2_v2_01,evas,fine,waveform_available,observations_within_targets,40002,1.0000000099971815e-10,1.2523315717771766e-13,,I
v2-reference-zero,d2_v2_01,evas,base,waveform_available,observations_within_targets,4001,1.0000000000004986e-09,3.086420008457935e-14,,I
v2-reference-zero,d2_v2_01,evas,fine,waveform_available,observations_within_targets,40002,1.0000000099971815e-10,7.505107646466058e-14,,I
v2-supply-fixed,d2_v2_01,evas,base,waveform_available,observations_within_targets,4001,1.0000000000004986e-09,4.1300296516055823e-14,,I
v2-supply-fixed,d2_v2_01,evas,fine,waveform_available,observations_within_targets,40002,1.0000000099971815e-10,1.0014211682118912e-13,,I
v3-main,d2_v3_01,evas,base,waveform_available,observations_within_targets,4005,1.0000000000004986e-09,1.6002144054283463e-11,0.0,I
v3-main,d2_v3_01,evas,fine,waveform_available,observed_violation,40002,1.0000000099971815e-10,0.8,0.8,I
v4-c0,d2_v4_01,evas,base,waveform_available,observations_within_targets,4016,1.0000000000004986e-09,1.2998990772672414e-11,0.0,I
v4-c0,d2_v4_01,evas,fine,waveform_available,observed_violation,40017,1.0000000099971815e-10,0.29999999999985005,0.29999399999985005,I
v4-c1,d2_v4_01,evas,base,waveform_available,observations_within_targets,4013,1.0000000000004986e-09,1.8990475858515765e-11,0.0,I
v4-c1,d2_v4_01,evas,fine,waveform_available,observed_violation,40015,1.0000000099971815e-10,0.6250000000000001,0.6249940000000002,I
v5-main,d2_v5_01,evas,base,execution_failed,unavailable,,,,,I
v5-main,d2_v5_01,evas,fine,execution_failed,unavailable,,,,,I
v6-main,d2_v6_01,evas,base,execution_failed,unavailable,,,,,I
v6-main,d2_v6_01,evas,fine,execution_failed,unavailable,,,,,I
v7-linear-a-half,d2_v7_01,evas,base,waveform_available,observed_violation,4001,1.0000000000004986e-09,0.09999999999999998,,I
v7-linear-a-half,d2_v7_01,evas,fine,waveform_available,observed_violation,40002,1.0000000099971815e-10,0.09999999999999998,,I
v7-linear-main,d2_v7_01,evas,base,waveform_available,observed_violation,4001,1.0000000000004986e-09,0.09999999999999998,,I
v7-linear-main,d2_v7_01,evas,fine,waveform_available,observed_violation,40002,1.0000000099971815e-10,0.09999999999999998,,I
v7-linear-swapped,d2_v7_01,evas,base,waveform_available,observed_violation,4001,1.0000000000004986e-09,0.09999999999999998,,I
v7-linear-swapped,d2_v7_01,evas,fine,waveform_available,observed_violation,40002,1.0000000099971815e-10,0.09999999999999998,,I
v7-nonlinear-0.5,d2_v7_02,evas,base,waveform_available,observed_violation,4001,1.0000000000004986e-09,0.0625,,I
v7-nonlinear-0.5,d2_v7_02,evas,fine,waveform_available,observed_violation,40003,1.0000000099971815e-10,0.0625,,I
v7-nonlinear-2.0,d2_v7_02,evas,base,waveform_available,observed_violation,4001,1.0000000000004986e-09,0.5970774150580325,,I
v7-nonlinear-2.0,d2_v7_02,evas,fine,waveform_available,observed_violation,40003,1.0000000099971815e-10,0.6005666015223456,,I
v1-main,d2_v1_01,gnucap,base,waveform_available,observations_within_targets,4001,1.0000000000021927e-09,1.887379141862766e-15,,I
v1-main,d2_v1_01,gnucap,fine,waveform_available,observations_within_targets,40001,1.0000000000276037e-10,2.4980018054066022e-15,,I
v2-input-common-mode,d2_v2_01,gnucap,base,waveform_available,observations_within_targets,4001,1.0000000000021927e-09,1.1102230246251565e-15,,I
v2-input-common-mode,d2_v2_01,gnucap,fine,waveform_available,observations_within_targets,40001,1.0000000000276037e-10,1.1102230246251565e-15,,I
v2-main,d2_v2_01,gnucap,base,waveform_available,observations_within_targets,4001,1.0000000000021927e-09,1.3322676295501878e-15,,I
v2-main,d2_v2_01,gnucap,fine,waveform_available,observations_within_targets,40001,1.0000000000276037e-10,1.3322676295501878e-15,,I
v2-reference-zero,d2_v2_01,gnucap,base,waveform_available,observations_within_targets,4001,1.0000000000021927e-09,4.440892098500626e-16,,I
v2-reference-zero,d2_v2_01,gnucap,fine,waveform_available,observations_within_targets,40001,1.0000000000276037e-10,4.440892098500626e-16,,I
v2-supply-fixed,d2_v2_01,gnucap,base,waveform_available,observations_within_targets,4001,1.0000000000021927e-09,5.551115123125783e-16,,I
v2-supply-fixed,d2_v2_01,gnucap,fine,waveform_available,observations_within_targets,40001,1.0000000000276037e-10,1.4432899320127035e-15,,I
v3-main,d2_v3_01,gnucap,base,waveform_available,observed_violation,4001,1.0000000000021927e-09,0.8,0.8,I
v3-main,d2_v3_01,gnucap,fine,waveform_available,observed_violation,40001,1.0000000000276037e-10,0.8,0.8,I
v4-c0,d2_v4_01,gnucap,base,waveform_available,observed_violation,4001,1.0000000000021927e-09,0.17500000000000002,0.174994,I
v4-c0,d2_v4_01,gnucap,fine,waveform_available,observed_violation,40001,1.0000000000276037e-10,0.17500000000000002,0.174994,I
v4-c1,d2_v4_01,gnucap,base,waveform_available,observed_violation,4001,1.0000000000021927e-09,0.17500000000000002,0.174994,I
v4-c1,d2_v4_01,gnucap,fine,waveform_available,observed_violation,40001,1.0000000000276037e-10,0.17500000000000002,0.174994,I
v5-main,d2_v5_01,gnucap,base,waveform_available,observations_within_targets,4001,1.0000000000021927e-09,1.2295719997723609e-14,1.9984014443252818e-15,I
v5-main,d2_v5_01,gnucap,fine,waveform_available,observations_within_targets,40001,1.0000000000276037e-10,1.587618925213974e-14,1.9984014443252818e-15,I
v6-main,d2_v6_01,gnucap,base,compile_failed,unavailable,,,,,I
v6-main,d2_v6_01,gnucap,fine,compile_failed,unavailable,,,,,I
v7-linear-a-half,d2_v7_01,gnucap,base,waveform_available,observations_within_targets,4001,1.0000000000021927e-09,4.996003610813204e-16,,I
v7-linear-a-half,d2_v7_01,gnucap,fine,waveform_available,observations_within_targets,40001,1.0000000000276037e-10,4.996003610813204e-16,,I
v7-linear-main,d2_v7_01,gnucap,base,waveform_available,observations_within_targets,4001,1.0000000000021927e-09,4.996003610813204e-16,,I
v7-linear-main,d2_v7_01,gnucap,fine,waveform_available,observations_within_targets,40001,1.0000000000276037e-10,5.551115123125783e-16,,I
v7-linear-swapped,d2_v7_01,gnucap,base,waveform_available,observations_within_targets,4001,1.0000000000021927e-09,4.996003610813204e-16,,I
v7-linear-swapped,d2_v7_01,gnucap,fine,waveform_available,observations_within_targets,40001,1.0000000000276037e-10,5.551115123125783e-16,,I
v7-nonlinear-0.5,d2_v7_02,gnucap,base,waveform_available,observations_within_targets,4001,1.0000000000021927e-09,2.1094237467877974e-15,,I
v7-nonlinear-0.5,d2_v7_02,gnucap,fine,waveform_available,observations_within_targets,40001,1.0000000000276037e-10,7.882583474838611e-15,,I
v7-nonlinear-2.0,d2_v7_02,gnucap,base,waveform_available,observations_within_targets,4001,1.0000000000021927e-09,5.551115123125783e-15,,I
v7-nonlinear-2.0,d2_v7_02,gnucap,fine,waveform_available,observations_within_targets,40001,1.0000000000276037e-10,7.771561172376096e-15,,I
v1-main,d2_v1_01,openvaf_ngspice,base,waveform_available,observations_within_targets,4017,1.0000000000000751e-09,6.661338147750939e-16,,I
v1-main,d2_v1_01,openvaf_ngspice,fine,waveform_available,observations_within_targets,40017,1.0000000000021927e-10,6.661338147750939e-16,,I
v2-input-common-mode,d2_v2_01,openvaf_ngspice,base,waveform_available,observations_within_targets,4008,1.0000000000000751e-09,8.881784197001252e-16,,I
v2-input-common-mode,d2_v2_01,openvaf_ngspice,fine,waveform_available,observations_within_targets,40008,1.0000000000021927e-10,8.881784197001252e-16,,I
v2-main,d2_v2_01,openvaf_ngspice,base,waveform_available,observations_within_targets,4008,1.0000000000000751e-09,6.661338147750939e-16,,I
v2-main,d2_v2_01,openvaf_ngspice,fine,waveform_available,observations_within_targets,40008,1.0000000000021927e-10,6.661338147750939e-16,,I
v2-reference-zero,d2_v2_01,openvaf_ngspice,base,waveform_available,observations_within_targets,4008,1.0000000000000751e-09,3.3306690738754696e-16,,I
v2-reference-zero,d2_v2_01,openvaf_ngspice,fine,waveform_available,observations_within_targets,40008,1.0000000000021927e-10,3.3306690738754696e-16,,I
v2-supply-fixed,d2_v2_01,openvaf_ngspice,base,waveform_available,observations_within_targets,4008,1.0000000000000751e-09,4.440892098500626e-16,,I
v2-supply-fixed,d2_v2_01,openvaf_ngspice,fine,waveform_available,observations_within_targets,40008,1.0000000000021927e-10,5.551115123125783e-16,,I
v3-main,d2_v3_01,openvaf_ngspice,base,waveform_available,observed_violation,4011,1.0000000000000751e-09,0.8000000000000002,0.8000000000000002,I
v3-main,d2_v3_01,openvaf_ngspice,fine,waveform_available,observed_violation,40011,1.0000000000021927e-10,0.7999999999999975,0.7999999999999975,I
v4-c0,d2_v4_01,openvaf_ngspice,base,compile_failed,unavailable,,,,,I
v4-c0,d2_v4_01,openvaf_ngspice,fine,compile_failed,unavailable,,,,,I
v4-c1,d2_v4_01,openvaf_ngspice,base,compile_failed,unavailable,,,,,I
v4-c1,d2_v4_01,openvaf_ngspice,fine,compile_failed,unavailable,,,,,I
v5-main,d2_v5_01,openvaf_ngspice,base,runtime_timeout,unavailable,,,,,I
v5-main,d2_v5_01,openvaf_ngspice,fine,runtime_timeout,unavailable,,,,,I
v6-main,d2_v6_01,openvaf_ngspice,base,waveform_available,observations_within_targets,4028,1.0000000000000751e-09,3.672075153671184e-08,,I
v6-main,d2_v6_01,openvaf_ngspice,fine,waveform_available,observations_within_targets,40028,1.0000000000021927e-10,3.678373994286943e-10,,I
v7-linear-a-half,d2_v7_01,openvaf_ngspice,base,waveform_available,observations_within_targets,4008,1.0000000000000751e-09,2.220446049250313e-16,,I
v7-linear-a-half,d2_v7_01,openvaf_ngspice,fine,waveform_available,observations_within_targets,40008,1.0000000000021927e-10,2.220446049250313e-16,,I
v7-linear-main,d2_v7_01,openvaf_ngspice,base,waveform_available,observations_within_targets,4008,1.0000000000000751e-09,4.440892098500626e-16,,I
v7-linear-main,d2_v7_01,openvaf_ngspice,fine,waveform_available,observations_within_targets,40008,1.0000000000021927e-10,4.440892098500626e-16,,I
v7-linear-swapped,d2_v7_01,openvaf_ngspice,base,waveform_available,observations_within_targets,4008,1.0000000000000751e-09,4.440892098500626e-16,,I
v7-linear-swapped,d2_v7_01,openvaf_ngspice,fine,waveform_available,observations_within_targets,40008,1.0000000000021927e-10,4.440892098500626e-16,,I
v7-nonlinear-0.5,d2_v7_02,openvaf_ngspice,base,waveform_available,observations_within_targets,4017,1.0000000000000751e-09,2.9432478731994394e-08,,I
v7-nonlinear-0.5,d2_v7_02,openvaf_ngspice,fine,waveform_available,observations_within_targets,40017,1.0000000000021927e-10,2.9426339143157065e-10,,I
v7-nonlinear-2.0,d2_v7_02,openvaf_ngspice,base,waveform_available,observations_within_targets,4017,1.0000000000000751e-09,1.2661520593093556e-07,,I
v7-nonlinear-2.0,d2_v7_02,openvaf_ngspice,fine,waveform_available,observations_within_targets,40017,1.0000000000021927e-10,1.2676753535778573e-09,,I
v1-main,d2_v1_01,spectre,base,waveform_available,observations_within_targets,4008,1.0000000000009222e-09,1.3600232051658168e-15,,I
v1-main,d2_v1_01,spectre,fine,waveform_available,observations_within_targets,40008,1.0000000000148982e-10,1.3600232051658168e-15,,I
v2-input-common-mode,d2_v2_01,spectre,base,waveform_available,observations_within_targets,4002,1.0000000000009222e-09,8.881784197001252e-16,,I
v2-input-common-mode,d2_v2_01,spectre,fine,waveform_available,observations_within_targets,40002,1.000000000010663e-10,1.1102230246251565e-15,,I
v2-main,d2_v2_01,spectre,base,waveform_available,observations_within_targets,4002,1.0000000000009222e-09,8.881784197001252e-16,,I
v2-main,d2_v2_01,spectre,fine,waveform_available,observations_within_targets,40002,1.000000000010663e-10,8.881784197001252e-16,,I
v2-reference-zero,d2_v2_01,spectre,base,waveform_available,observations_within_targets,4002,1.0000000000009222e-09,3.3306690738754696e-16,,I
v2-reference-zero,d2_v2_01,spectre,fine,waveform_available,observations_within_targets,40002,1.000000000010663e-10,3.3306690738754696e-16,,I
v2-supply-fixed,d2_v2_01,spectre,base,waveform_available,observations_within_targets,4002,1.0000000000009222e-09,8.881784197001252e-16,,I
v2-supply-fixed,d2_v2_01,spectre,fine,waveform_available,observations_within_targets,40002,1.000000000010663e-10,8.881784197001252e-16,,I
v3-main,d2_v3_01,spectre,base,waveform_available,observations_within_targets,4006,1.0000000000009222e-09,0.004000000000007997,0.0,I
v3-main,d2_v3_01,spectre,fine,waveform_available,observations_within_targets,40006,1.000000000010663e-10,0.0006524999550539534,0.0,I
v4-c0,d2_v4_01,spectre,base,waveform_available,observations_within_targets,4109,1.0000000000009222e-09,0.0002599999999989139,0.0,I
v4-c0,d2_v4_01,spectre,fine,waveform_available,observations_within_targets,40109,1.000000000010663e-10,7.720916684052226e-05,0.0,I
v4-c1,d2_v4_01,spectre,base,waveform_available,observations_within_targets,4102,1.0000000000009222e-09,0.0003800000000024478,0.0,I
v4-c1,d2_v4_01,spectre,fine,waveform_available,observations_within_targets,40102,1.000000000010663e-10,9.69949962218164e-05,0.0,I
v5-main,d2_v5_01,spectre,base,waveform_available,observations_within_targets,4001,1.0000000000009222e-09,9.85211912052364e-13,0.0,I
v5-main,d2_v5_01,spectre,fine,waveform_available,observations_within_targets,40001,1.000000000010663e-10,0.000799999999365697,0.0,I
v6-main,d2_v6_01,spectre,base,waveform_available,observations_within_targets,4009,1.0000000000009222e-09,3.520348794416872e-08,,I
v6-main,d2_v6_01,spectre,fine,waveform_available,observations_within_targets,40007,1.000000000010663e-10,3.5275379839383447e-10,,I
v7-linear-a-half,d2_v7_01,spectre,base,waveform_available,observations_within_targets,4002,1.0000000000009222e-09,2.220446049250313e-16,,I
v7-linear-a-half,d2_v7_01,spectre,fine,waveform_available,observations_within_targets,40002,1.0000000000148982e-10,2.220446049250313e-16,,I
v7-linear-main,d2_v7_01,spectre,base,waveform_available,observations_within_targets,4002,1.0000000000009222e-09,8.881784197001252e-16,,I
v7-linear-main,d2_v7_01,spectre,fine,waveform_available,observations_within_targets,40002,1.000000000010663e-10,8.881784197001252e-16,,I
v7-linear-swapped,d2_v7_01,spectre,base,waveform_available,observations_within_targets,4002,1.0000000000009222e-09,8.881784197001252e-16,,I
v7-linear-swapped,d2_v7_01,spectre,fine,waveform_available,observations_within_targets,40002,1.000000000010663e-10,8.881784197001252e-16,,I
v7-nonlinear-0.5,d2_v7_02,spectre,base,waveform_available,observations_within_targets,4003,1.0000000000009222e-09,2.52810563661221e-06,,I
v7-nonlinear-0.5,d2_v7_02,spectre,fine,waveform_available,observations_within_targets,40003,1.000000000010663e-10,6.823652753951137e-12,,I
v7-nonlinear-2.0,d2_v7_02,spectre,base,waveform_available,observations_within_targets,4009,1.0000000000009222e-09,2.2574610514247695e-09,,I
v7-nonlinear-2.0,d2_v7_02,spectre,fine,waveform_available,observations_within_targets,40009,1.000000000010663e-10,3.154317917974936e-10,,I
