time_s,vin_V,clk_V,out_V
0,-0.01,0,0
1e-10,-0.01,0,0
2e-10,-0.01,0,0
3e-10,-0.01,0,0
4e-10,-0.01,0,0
5e-10,-0.01,0,0
6e-10,-0.01,0,0
7e-10,-0.01,0,0
8e-10,-0.01,0,0
9e-10,-0.01,0,0
1e-09,-0.01,0,0
1.1e-09,-0.01,0,0
1.2e-09,-0.01,0,0
1.3e-09,-0.01,0,0
1.4e-09,-0.01,0,0
1.5e-09,-0.01,0,0
1.6e-09,-0.01,0,0
1.7e-09,-0.01,0,0
1.8e-09,-0.01,0,0
1.9e-09,-0.01,0,0
2e-09,-0.01,0,0
2.1e-09,-0.01,0,0
2.2e-09,-0.01,0,0
2.3e-09,-0.01,0,0
2.4e-09,-0.01,0,0
2.5e-09,-0.01,0,0
2.6e-09,-0.01,0,0
2.7e-09,-0.01,0,0
2.8e-09,-0.01,0,0
2.9e-09,-0.01,0,0
3e-09,-0.01,0,0
3.1e-09,-0.01,0,0
3.2e-09,-0.01,0,0
3.3e-09,-0.01,0,0
3.4e-09,-0.01,0,0
3.5e-09,-0.01,0,0
3.6e-09,-0.01,0,0
3.7e-09,-0.01,0,0
3.8e-09,-0.01,0,0
3.9e-09,-0.01,0,0
4e-09,-0.01,0,0
4.1e-09,-0.01,0,0
4.2e-09,-0.01,0,0
4.3e-09,-0.01,0,0
4.4e-09,-0.01,0,0
4.5e-09,-0.01,0,0
4.6e-09,-0.01,0,0
4.7e-09,-0.01,0,0
4.8e-09,-0.01,0,0
4.9e-09,-0.01,0,0
5e-09,-0.01,0,0
5.1e-09,-0.01,0,0
5.2e-09,-0.01,0,0
5.3e-09,-0.01,0,0
5.4e-09,-0.01,0,0
5.5e-09,-0.01,0,0
5.6e-09,-0.01,0,0
5.7e-09,-0.01,0,0
5.8e-09,-0.01,0,0
5.9e-09,-0.01,0,0
6e-09,-0.01,0,0
6.1e-09,-0.01,0,0
6.2e-09,-0.01,0,0
6.3e-09,-0.01,0,0
6.4e-09,-0.01,0,0
6.5e-09,-0.01,0,0
6.6e-09,-0.01,0,0
6.7e-09,-0.01,0,0
6.8e-09,-0.01,0,0
6.9e-09,-0.01,0,0
7e-09,-0.01,0,0
7.1e-09,-0.01,0,0
7.2e-09,-0.01,0,0
7.3e-09,-0.01,0,0
7.4e-09,-0.01,0,0
7.5e-09,-0.01,0,0
7.6e-09,-0.01,0,0
7.7e-09,-0.01,0,0
7.8e-09,-0.01,0,0
7.9e-09,-0.01,0,0
8e-09,-0.01,0,0
8.1e-09,-0.01,0,0
8.2e-09,-0.01,0,0
8.3e-09,-0.01,0,0
8.4e-09,-0.01,0,0
8.5e-09,-0.01,0,0
8.6e-09,-0.01,0,0
8.7e-09,-0.01,0,0
8.8e-09,-0.01,0,0
8.9e-09,-0.01,0,0
9e-09,-0.01,0,0
9.1e-09,-0.01,0,0
9.2e-09,-0.01,0,0
9.3e-09,-0.01,0,0
9.4e-09,-0.01,0,0
9.5e-09,-0.01,0,0
9.6e-09,-0.01,0,0
9.7e-09,-0.01,0,0
9.8e-09,-0.01,0,0
9.9e-09,-0.01,0,0
1e-08,-0.01,0,0
1.01e-08,-0.01,0,0
1.02e-08,-0.01,0,0
1.03e-08,-0.01,0,0
1.04e-08,-0.01,0,0
1.05e-08,-0.01,0,0
1.06e-08,-0.01,0,0
1.07e-08,-0.01,0,0
1.08e-08,-0.01,0,0
1.09e-08,-0.01,0,0
1.1e-08,-0.01,0,0
1.11e-08,-0.01,0,0
1.12e-08,-0.01,0,0
1.13e-08,-0.01,0,0
1.14e-08,-0.01,0,0
1.15e-08,-0.01,0,0
1.16e-08,-0.01,0,0
1.17e-08,-0.01,0,0
1.18e-08,-0.01,0,0
1.19e-08,-0.01,0,0
1.2e-08,-0.01,0,0
1.21e-08,-0.01,0,0
1.22e-08,-0.01,0,0
1.23e-08,-0.01,0,0
1.24e-08,-0.01,0,0
1.25e-08,-0.01,0,0
1.26e-08,-0.01,0,0
1.27e-08,-0.01,0,0
1.28e-08,-0.01,0,0
1.29e-08,-0.01,0,0
1.3e-08,-0.01,0,0
1.31e-08,-0.01,0,0
1.32e-08,-0.01,0,0
1.33e-08,-0.01,0,0
1.34e-08,-0.01,0,0
1.35e-08,-0.01,0,0
1.36e-08,-0.01,0,0
1.37e-08,-0.01,0,0
1.38e-08,-0.01,0,0
1.39e-08,-0.01,0,0
1.4e-08,-0.01,0,0
1.41e-08,-0.01,0,0
1.42e-08,-0.01,0,0
1.43e-08,-0.01,0,0
1.44e-08,-0.01,0,0
1.45e-08,-0.01,0,0
1.46e-08,-0.01,0,0
1.47e-08,-0.01,0,0
1.48e-08,-0.01,0,0
1.49e-08,-0.01,0,0
1.5e-08,-0.01,0,0
1.51e-08,-0.01,0,0
1.52e-08,-0.01,0,0
1.53e-08,-0.01,0,0
1.54e-08,-0.01,0,0
1.55e-08,-0.01,0,0
1.56e-08,-0.01,0,0
1.57e-08,-0.01,0,0
1.58e-08,-0.01,0,0
1.59e-08,-0.01,0,0
1.6e-08,-0.01,0,0
1.61e-08,-0.01,0,0
1.62e-08,-0.01,0,0
1.63e-08,-0.01,0,0
1.64e-08,-0.01,0,0
1.65e-08,-0.01,0,0
1.66e-08,-0.01,0,0
1.67e-08,-0.01,0,0
1.68e-08,-0.01,0,0
1.69e-08,-0.01,0,0
1.7e-08,-0.01,0,0
1.71e-08,-0.01,0,0
1.72e-08,-0.01,0,0
1.73e-08,-0.01,0,0
1.74e-08,-0.01,0,0
1.75e-08,-0.01,0,0
1.76e-08,-0.01,0,0
1.77e-08,-0.01,0,0
1.78e-08,-0.01,0,0
1.79e-08,-0.01,0,0
1.8e-08,-0.01,0,0
1.81e-08,-0.01,0,0
1.82e-08,-0.01,0,0
1.83e-08,-0.01,0,0
1.84e-08,-0.01,0,0
1.85e-08,-0.01,0,0
1.86e-08,-0.01,0,0
1.87e-08,-0.01,0,0
1.88e-08,-0.01,0,0
1.89e-08,-0.01,0,0
1.9e-08,-0.01,0,0
1.91e-08,-0.01,0,0
1.92e-08,-0.01,0,0
1.93e-08,-0.01,0,0
1.94e-08,-0.01,0,0
1.95e-08,-0.01,0,0
1.96e-08,-0.01,0,0
1.97e-08,-0.01,0,0
1.98e-08,-0.01,0,0
1.99e-08,-0.01,0,0
2e-08,-0.01,0,0
2.01e-08,-0.01,1,0
2.02e-08,-0.01,1,0
2.03e-08,-0.01,1,0
2.04e-08,-0.01,1,0
2.05e-08,-0.01,1,0
2.06e-08,-0.01,1,0
2.07e-08,-0.01,1,0
2.08e-08,-0.01,1,0
2.09e-08,-0.01,1,0
2.1e-08,-0.01,1,0
2.11e-08,-0.01,1,0
2.12e-08,-0.01,1,0
2.13e-08,-0.01,1,0
2.14e-08,-0.01,1,0
2.15e-08,-0.01,1,0
2.16e-08,-0.01,1,0
2.17e-08,-0.01,1,0
2.18e-08,-0.01,1,0
2.19e-08,-0.01,1,0
2.2e-08,-0.01,1,0
2.21e-08,-0.01,1,0
2.22e-08,-0.01,1,0
2.23e-08,-0.01,1,0
2.24e-08,-0.01,1,0
2.25e-08,-0.01,1,0
2.26e-08,-0.01,1,0
2.27e-08,-0.01,1,0
2.28e-08,-0.01,1,0
2.29e-08,-0.01,1,0
2.3e-08,-0.01,1,0
2.31e-08,-0.01,1,0
2.32e-08,-0.01,1,0
2.33e-08,-0.01,1,0
2.34e-08,-0.01,1,0
2.35e-08,-0.01,1,0
2.36e-08,-0.01,1,0
2.37e-08,-0.01,1,0
2.38e-08,-0.01,1,0
2.39e-08,-0.01,1,0
2.4e-08,-0.01,1,0
2.41e-08,-0.01,1,0
2.42e-08,-0.01,1,0
2.43e-08,-0.01,1,0
2.44e-08,-0.01,1,0
2.45e-08,-0.01,1,0
2.46e-08,-0.01,1,0
2.47e-08,-0.01,1,0
2.48e-08,-0.01,1,0
2.49e-08,-0.01,1,0
2.5e-08,-0.01,1,0
2.51e-08,-0.01,1,0
2.52e-08,-0.01,1,0
2.53e-08,-0.01,1,0
2.54e-08,-0.01,1,0
2.55e-08,-0.01,1,0
2.56e-08,-0.01,1,0
2.57e-08,-0.01,1,0
2.58e-08,-0.01,1,0
2.59e-08,-0.01,1,0
2.6e-08,-0.01,1,0
2.61e-08,-0.01,1,0
2.62e-08,-0.01,1,0
2.63e-08,-0.01,1,0
2.64e-08,-0.01,1,0
2.65e-08,-0.01,1,0
2.66e-08,-0.01,1,0
2.67e-08,-0.01,1,0
2.68e-08,-0.01,1,0
2.69e-08,-0.01,1,0
2.7e-08,-0.01,1,0
2.71e-08,-0.01,1,0
2.72e-08,-0.01,1,0
2.73e-08,-0.01,1,0
2.74e-08,-0.01,1,0
2.75e-08,-0.01,1,0
2.76e-08,-0.01,1,0
2.77e-08,-0.01,1,0
2.78e-08,-0.01,1,0
2.79e-08,-0.01,1,0
2.8e-08,-0.01,1,0
2.81e-08,-0.01,1,0
2.82e-08,-0.01,1,0
2.83e-08,-0.01,1,0
2.84e-08,-0.01,1,0
2.85e-08,-0.01,1,0
2.86e-08,-0.01,1,0
2.87e-08,-0.01,1,0
2.88e-08,-0.01,1,0
2.89e-08,-0.01,1,0
2.9e-08,-0.01,1,0
2.91e-08,-0.01,1,0
2.92e-08,-0.01,1,0
2.93e-08,-0.01,1,0
2.94e-08,-0.01,1,0
2.95e-08,-0.01,1,0
2.96e-08,-0.01,1,0
2.97e-08,-0.01,1,0
2.98e-08,-0.01,1,0
2.99e-08,-0.01,1,0
3e-08,-0.01,1,0
3.01e-08,-0.01,1,0
3.02e-08,-0.01,1,0
3.03e-08,-0.01,1,0
3.04e-08,-0.01,1,0
3.05e-08,-0.01,1,0
3.06e-08,-0.01,1,0
3.07e-08,-0.01,1,0
3.08e-08,-0.01,1,0
3.09e-08,-0.01,1,0
3.1e-08,-0.01,1,0
3.11e-08,-0.01,1,0
3.12e-08,-0.01,1,0
3.13e-08,-0.01,1,0
3.14e-08,-0.01,1,0
3.15e-08,-0.01,1,0
3.16e-08,-0.01,1,0
3.17e-08,-0.01,1,0
3.18e-08,-0.01,1,0
3.19e-08,-0.01,1,0
3.2e-08,-0.01,1,0
3.21e-08,-0.01,1,0
3.22e-08,-0.01,1,0
3.23e-08,-0.01,1,0
3.24e-08,-0.01,1,0
3.25e-08,-0.01,1,0
3.26e-08,-0.01,1,0
3.27e-08,-0.01,1,0
3.28e-08,-0.01,1,0
3.29e-08,-0.01,1,0
3.3e-08,-0.01,1,0
3.31e-08,-0.01,1,0
3.32e-08,-0.01,1,0
3.33e-08,-0.01,1,0
3.34e-08,-0.01,1,0
3.35e-08,-0.01,1,0
3.36e-08,-0.01,1,0
3.37e-08,-0.01,1,0
3.38e-08,-0.01,1,0
3.39e-08,-0.01,1,0
3.4e-08,-0.01,1,0
3.41e-08,-0.01,1,0
3.42e-08,-0.01,1,0
3.43e-08,-0.01,1,0
3.44e-08,-0.01,1,0
3.45e-08,-0.01,1,0
3.46e-08,-0.01,1,0
3.47e-08,-0.01,1,0
3.48e-08,-0.01,1,0
3.49e-08,-0.01,1,0
3.5e-08,-0.01,1,0
3.51e-08,-0.01,1,0
3.52e-08,-0.01,1,0
3.53e-08,-0.01,1,0
3.54e-08,-0.01,1,0
3.55e-08,-0.01,1,0
3.56e-08,-0.01,1,0
3.57e-08,-0.01,1,0
3.58e-08,-0.01,1,0
3.59e-08,-0.01,1,0
3.6e-08,-0.01,1,0
3.61e-08,-0.01,1,-0.1
3.62e-08,-0.01,1,-0.2
3.63e-08,-0.01,1,-0.3
3.64e-08,-0.01,1,-0.4
3.65e-08,-0.01,1,-0.5
3.66e-08,-0.01,1,-0.6
3.67e-08,-0.01,1,-0.7
3.68e-08,-0.01,1,-0.8
3.69e-08,-0.01,1,-0.9
3.7e-08,-0.01,1,-1
3.71e-08,-0.01,1,-1
3.72e-08,-0.01,1,-1
3.73e-08,-0.01,1,-1
3.74e-08,-0.01,1,-1
3.75e-08,-0.01,1,-1
3.76e-08,-0.01,1,-1
3.77e-08,-0.01,1,-1
3.78e-08,-0.01,1,-1
3.79e-08,-0.01,1,-1
3.8e-08,-0.01,1,-1
3.81e-08,-0.01,1,-1
3.82e-08,-0.01,1,-1
3.83e-08,-0.01,1,-1
3.84e-08,-0.01,1,-1
3.85e-08,-0.01,1,-1
3.86e-08,-0.01,1,-1
3.87e-08,-0.01,1,-1
3.88e-08,-0.01,1,-1
3.89e-08,-0.01,1,-1
3.9e-08,-0.01,1,-1
3.91e-08,-0.01,1,-1
3.92e-08,-0.01,1,-1
3.93e-08,-0.01,1,-1
3.94e-08,-0.01,1,-1
3.95e-08,-0.01,1,-1
3.96e-08,-0.01,1,-1
3.97e-08,-0.01,1,-1
3.98e-08,-0.01,1,-1
3.99e-08,-0.01,1,-1
4e-08,-0.01,1,-1
4.01e-08,-0.01,1,-1
4.02e-08,-0.01,1,-1
4.03e-08,-0.01,1,-1
4.04e-08,-0.01,1,-1
4.05e-08,-0.01,1,-1
4.06e-08,-0.01,1,-1
4.07e-08,-0.01,1,-1
4.08e-08,-0.01,1,-1
4.09e-08,-0.01,1,-1
4.1e-08,-0.01,1,-1
4.11e-08,-0.01,1,-1
4.12e-08,-0.01,1,-1
4.13e-08,-0.01,1,-1
4.14e-08,-0.01,1,-1
4.15e-08,-0.01,1,-1
4.16e-08,-0.01,1,-1
4.17e-08,-0.01,1,-1
4.18e-08,-0.01,1,-1
4.19e-08,-0.01,1,-1
4.2e-08,-0.01,1,-1
4.21e-08,-0.01,1,-1
4.22e-08,-0.01,1,-1
4.23e-08,-0.01,1,-1
4.24e-08,-0.01,1,-1
4.25e-08,-0.01,1,-1
4.26e-08,-0.01,1,-1
4.27e-08,-0.01,1,-1
4.28e-08,-0.01,1,-1
4.29e-08,-0.01,1,-1
4.3e-08,-0.01,1,-1
4.31e-08,-0.01,1,-1
4.32e-08,-0.01,1,-1
4.33e-08,-0.01,1,-1
4.34e-08,-0.01,1,-1
4.35e-08,-0.01,1,-1
4.36e-08,-0.01,1,-1
4.37e-08,-0.01,1,-1
4.38e-08,-0.01,1,-1
4.39e-08,-0.01,1,-1
4.4e-08,-0.01,1,-1
4.41e-08,-0.01,1,-1
4.42e-08,-0.01,1,-1
4.43e-08,-0.01,1,-1
4.44e-08,-0.01,1,-1
4.45e-08,-0.01,1,-1
4.46e-08,-0.01,1,-1
4.47e-08,-0.01,1,-1
4.48e-08,-0.01,1,-1
4.49e-08,-0.01,1,-1
4.5e-08,-0.01,1,-1
4.51e-08,-0.01,1,-1
4.52e-08,-0.01,1,-1
4.53e-08,-0.01,1,-1
4.54e-08,-0.01,1,-1
4.55e-08,-0.01,1,-1
4.56e-08,-0.01,1,-1
4.57e-08,-0.01,1,-1
4.58e-08,-0.01,1,-1
4.59e-08,-0.01,1,-1
4.6e-08,-0.01,1,-1
4.61e-08,-0.01,1,-1
4.62e-08,-0.01,1,-1
4.63e-08,-0.01,1,-1
4.64e-08,-0.01,1,-1
4.65e-08,-0.01,1,-1
4.66e-08,-0.01,1,-1
4.67e-08,-0.01,1,-1
4.68e-08,-0.01,1,-1
4.69e-08,-0.01,1,-1
4.7e-08,-0.01,1,-1
4.71e-08,-0.01,1,-1
4.72e-08,-0.01,1,-1
4.73e-08,-0.01,1,-1
4.74e-08,-0.01,1,-1
4.75e-08,-0.01,1,-1
4.76e-08,-0.01,1,-1
4.77e-08,-0.01,1,-1
4.78e-08,-0.01,1,-1
4.79e-08,-0.01,1,-1
4.8e-08,-0.01,1,-1
4.81e-08,-0.01,1,-1
4.82e-08,-0.01,1,-1
4.83e-08,-0.01,1,-1
4.84e-08,-0.01,1,-1
4.85e-08,-0.01,1,-1
4.86e-08,-0.01,1,-1
4.87e-08,-0.01,1,-1
4.88e-08,-0.01,1,-1
4.89e-08,-0.01,1,-1
4.9e-08,-0.01,1,-1
4.91e-08,-0.01,1,-1
4.92e-08,-0.01,1,-1
4.93e-08,-0.01,1,-1
4.94e-08,-0.01,1,-1
4.95e-08,-0.01,1,-1
4.96e-08,-0.01,1,-1
4.97e-08,-0.01,1,-1
4.98e-08,-0.01,1,-1
4.99e-08,-0.01,1,-1
5e-08,-0.01,1,-1
5.01e-08,-0.01,1,-1
5.02e-08,-0.01,1,-1
5.03e-08,-0.01,1,-1
5.04e-08,-0.01,1,-1
5.05e-08,-0.01,1,-1
5.06e-08,-0.01,1,-1
5.07e-08,-0.01,1,-1
5.08e-08,-0.01,1,-1
5.09e-08,-0.01,1,-1
5.1e-08,-0.01,1,-1
5.11e-08,-0.01,1,-1
5.12e-08,-0.01,1,-1
5.13e-08,-0.01,1,-1
5.14e-08,-0.01,1,-1
5.15e-08,-0.01,1,-1
5.16e-08,-0.01,1,-1
5.17e-08,-0.01,1,-1
5.18e-08,-0.01,1,-1
5.19e-08,-0.01,1,-1
5.2e-08,-0.01,1,-1
5.21e-08,-0.01,1,-1
5.22e-08,-0.01,1,-1
5.23e-08,-0.01,1,-1
5.24e-08,-0.01,1,-1
5.25e-08,-0.01,1,-1
5.26e-08,-0.01,1,-1
5.27e-08,-0.01,1,-1
5.28e-08,-0.01,1,-1
5.29e-08,-0.01,1,-1
5.3e-08,-0.01,1,-1
5.31e-08,-0.01,1,-1
5.32e-08,-0.01,1,-1
5.33e-08,-0.01,1,-1
5.34e-08,-0.01,1,-1
5.35e-08,-0.01,1,-1
5.36e-08,-0.01,1,-1
5.37e-08,-0.01,1,-1
5.38e-08,-0.01,1,-1
5.39e-08,-0.01,1,-1
5.4e-08,-0.01,1,-1
5.41e-08,-0.01,1,-1
5.42e-08,-0.01,1,-1
5.43e-08,-0.01,1,-1
5.44e-08,-0.01,1,-1
5.45e-08,-0.01,1,-1
5.46e-08,-0.01,1,-1
5.47e-08,-0.01,1,-1
5.48e-08,-0.01,1,-1
5.49e-08,-0.01,1,-1
5.5e-08,-0.01,1,-1
5.51e-08,-0.01,1,-1
5.52e-08,-0.01,1,-1
5.53e-08,-0.01,1,-1
5.54e-08,-0.01,1,-1
5.55e-08,-0.01,1,-1
5.56e-08,-0.01,1,-1
5.57e-08,-0.01,1,-1
5.58e-08,-0.01,1,-1
5.59e-08,-0.01,1,-1
5.6e-08,-0.01,1,-1
5.61e-08,-0.01,1,-1
5.62e-08,-0.01,1,-1
5.63e-08,-0.01,1,-1
5.64e-08,-0.01,1,-1
5.65e-08,-0.01,1,-1
5.66e-08,-0.01,1,-1
5.67e-08,-0.01,1,-1
5.68e-08,-0.01,1,-1
5.69e-08,-0.01,1,-1
5.7e-08,-0.01,1,-1
5.71e-08,-0.01,1,-1
5.72e-08,-0.01,1,-1
5.73e-08,-0.01,1,-1
5.74e-08,-0.01,1,-1
5.75e-08,-0.01,1,-1
5.76e-08,-0.01,1,-1
5.77e-08,-0.01,1,-1
5.78e-08,-0.01,1,-1
5.79e-08,-0.01,1,-1
5.8e-08,-0.01,1,-1
5.81e-08,-0.01,1,-1
5.82e-08,-0.01,1,-1
5.83e-08,-0.01,1,-1
5.84e-08,-0.01,1,-1
5.85e-08,-0.01,1,-1
5.86e-08,-0.01,1,-1
5.87e-08,-0.01,1,-1
5.88e-08,-0.01,1,-1
5.89e-08,-0.01,1,-1
5.9e-08,-0.01,1,-1
5.91e-08,-0.01,1,-1
5.92e-08,-0.01,1,-1
5.93e-08,-0.01,1,-1
5.94e-08,-0.01,1,-1
5.95e-08,-0.01,1,-1
5.96e-08,-0.01,1,-1
5.97e-08,-0.01,1,-1
5.98e-08,-0.01,1,-1
5.99e-08,-0.01,1,-1
6e-08,-0.01,1,-1
6.01e-08,-0.01,1,-1
6.02e-08,-0.01,1,-1
6.03e-08,-0.01,1,-1
6.04e-08,-0.01,1,-1
6.05e-08,-0.01,1,-1
6.06e-08,-0.01,1,-1
6.07e-08,-0.01,1,-1
6.08e-08,-0.01,1,-1
6.09e-08,-0.01,1,-1
6.1e-08,-0.01,1,-1
6.11e-08,-0.01,1,-1
6.12e-08,-0.01,1,-1
6.13e-08,-0.01,1,-1
6.14e-08,-0.01,1,-1
6.15e-08,-0.01,1,-1
6.16e-08,-0.01,1,-1
6.17e-08,-0.01,1,-1
6.18e-08,-0.01,1,-1
6.19e-08,-0.01,1,-1
6.2e-08,-0.01,1,-1
6.21e-08,-0.01,1,-1
6.22e-08,-0.01,1,-1
6.23e-08,-0.01,1,-1
6.24e-08,-0.01,1,-1
6.25e-08,-0.01,1,-1
6.26e-08,-0.01,1,-1
6.27e-08,-0.01,1,-1
6.28e-08,-0.01,1,-1
6.29e-08,-0.01,1,-1
6.3e-08,-0.01,1,-1
6.31e-08,-0.01,1,-1
6.32e-08,-0.01,1,-1
6.33e-08,-0.01,1,-1
6.34e-08,-0.01,1,-1
6.35e-08,-0.01,1,-1
6.36e-08,-0.01,1,-1
6.37e-08,-0.01,1,-1
6.38e-08,-0.01,1,-1
6.39e-08,-0.01,1,-1
6.4e-08,-0.01,1,-1
6.41e-08,-0.01,1,-1
6.42e-08,-0.01,1,-1
6.43e-08,-0.01,1,-1
6.44e-08,-0.01,1,-1
6.45e-08,-0.01,1,-1
6.46e-08,-0.01,1,-1
6.47e-08,-0.01,1,-1
6.48e-08,-0.01,1,-1
6.49e-08,-0.01,1,-1
6.5e-08,-0.01,1,-1
6.51e-08,-0.01,1,-1
6.52e-08,-0.01,1,-1
6.53e-08,-0.01,1,-1
6.54e-08,-0.01,1,-1
6.55e-08,-0.01,1,-1
6.56e-08,-0.01,1,-1
6.57e-08,-0.01,1,-1
6.58e-08,-0.01,1,-1
6.59e-08,-0.01,1,-1
6.6e-08,-0.01,1,-1
6.61e-08,-0.01,1,-1
6.62e-08,-0.01,1,-1
6.63e-08,-0.01,1,-1
6.64e-08,-0.01,1,-1
6.65e-08,-0.01,1,-1
6.66e-08,-0.01,1,-1
6.67e-08,-0.01,1,-1
6.68e-08,-0.01,1,-1
6.69e-08,-0.01,1,-1
6.7e-08,-0.01,1,-1
6.71e-08,-0.01,1,-1
6.72e-08,-0.01,1,-1
6.73e-08,-0.01,1,-1
6.74e-08,-0.01,1,-1
6.75e-08,-0.01,1,-1
6.76e-08,-0.01,1,-1
6.77e-08,-0.01,1,-1
6.78e-08,-0.01,1,-1
6.79e-08,-0.01,1,-1
6.8e-08,-0.01,1,-1
6.81e-08,-0.01,1,-1
6.82e-08,-0.01,1,-1
6.83e-08,-0.01,1,-1
6.84e-08,-0.01,1,-1
6.85e-08,-0.01,1,-1
6.86e-08,-0.01,1,-1
6.87e-08,-0.01,1,-1
6.88e-08,-0.01,1,-1
6.89e-08,-0.01,1,-1
6.9e-08,-0.01,1,-1
6.91e-08,-0.01,1,-1
6.92e-08,-0.01,1,-1
6.93e-08,-0.01,1,-1
6.94e-08,-0.01,1,-1
6.95e-08,-0.01,1,-1
6.96e-08,-0.01,1,-1
6.97e-08,-0.01,1,-1
6.98e-08,-0.01,1,-1
6.99e-08,-0.01,1,-1
7e-08,-0.01,1,-1
7.01e-08,-0.01,1,-1
7.02e-08,-0.01,1,-1
7.03e-08,-0.01,1,-1
7.04e-08,-0.01,1,-1
7.05e-08,-0.01,1,-1
7.06e-08,-0.01,1,-1
7.07e-08,-0.01,1,-1
7.08e-08,-0.01,1,-1
7.09e-08,-0.01,1,-1
7.1e-08,-0.01,1,-1
7.11e-08,-0.01,1,-1
7.12e-08,-0.01,1,-1
7.13e-08,-0.01,1,-1
7.14e-08,-0.01,1,-1
7.15e-08,-0.01,1,-1
7.16e-08,-0.01,1,-1
7.17e-08,-0.01,1,-1
7.18e-08,-0.01,1,-1
7.19e-08,-0.01,1,-1
7.2e-08,-0.01,1,-1
7.21e-08,-0.01,1,-1
7.22e-08,-0.01,1,-1
7.23e-08,-0.01,1,-1
7.24e-08,-0.01,1,-1
7.25e-08,-0.01,1,-1
7.26e-08,-0.01,1,-1
7.27e-08,-0.01,1,-1
7.28e-08,-0.01,1,-1
7.29e-08,-0.01,1,-1
7.3e-08,-0.01,1,-1
7.31e-08,-0.01,1,-1
7.32e-08,-0.01,1,-1
7.33e-08,-0.01,1,-1
7.34e-08,-0.01,1,-1
7.35e-08,-0.01,1,-1
7.36e-08,-0.01,1,-1
7.37e-08,-0.01,1,-1
7.38e-08,-0.01,1,-1
7.39e-08,-0.01,1,-1
7.4e-08,-0.01,1,-1
7.41e-08,-0.01,1,-1
7.42e-08,-0.01,1,-1
7.43e-08,-0.01,1,-1
7.44e-08,-0.01,1,-1
7.45e-08,-0.01,1,-1
7.46e-08,-0.01,1,-1
7.47e-08,-0.01,1,-1
7.48e-08,-0.01,1,-1
7.49e-08,-0.01,1,-1
7.5e-08,-0.01,1,-1
7.51e-08,-0.01,1,-1
7.52e-08,-0.01,1,-1
7.53e-08,-0.01,1,-1
7.54e-08,-0.01,1,-1
7.55e-08,-0.01,1,-1
7.56e-08,-0.01,1,-1
7.57e-08,-0.01,1,-1
7.58e-08,-0.01,1,-1
7.59e-08,-0.01,1,-1
7.6e-08,-0.01,1,-1
7.61e-08,-0.01,1,-1
7.62e-08,-0.01,1,-1
7.63e-08,-0.01,1,-1
7.64e-08,-0.01,1,-1
7.65e-08,-0.01,1,-1
7.66e-08,-0.01,1,-1
7.67e-08,-0.01,1,-1
7.68e-08,-0.01,1,-1
7.69e-08,-0.01,1,-1
7.7e-08,-0.01,1,-1
7.71e-08,-0.01,1,-1
7.72e-08,-0.01,1,-1
7.73e-08,-0.01,1,-1
7.74e-08,-0.01,1,-1
7.75e-08,-0.01,1,-1
7.76e-08,-0.01,1,-1
7.77e-08,-0.01,1,-1
7.78e-08,-0.01,1,-1
7.79e-08,-0.01,1,-1
7.8e-08,-0.01,1,-1
7.81e-08,-0.01,1,-1
7.82e-08,-0.01,1,-1
7.83e-08,-0.01,1,-1
7.84e-08,-0.01,1,-1
7.85e-08,-0.01,1,-1
7.86e-08,-0.01,1,-1
7.87e-08,-0.01,1,-1
7.88e-08,-0.01,1,-1
7.89e-08,-0.01,1,-1
7.9e-08,-0.01,1,-1
7.91e-08,-0.01,1,-1
7.92e-08,-0.01,1,-1
7.93e-08,-0.01,1,-1
7.94e-08,-0.01,1,-1
7.95e-08,-0.01,1,-1
7.96e-08,-0.01,1,-1
7.97e-08,-0.01,1,-1
7.98e-08,-0.01,1,-1
7.99e-08,-0.01,1,-1
8e-08,-0.01,1,-1
8.01e-08,-0.01,1,-1
8.02e-08,-0.01,1,-1
8.03e-08,-0.01,1,-1
8.04e-08,-0.01,1,-1
8.05e-08,-0.01,1,-1
8.06e-08,-0.01,1,-1
8.07e-08,-0.01,1,-1
8.08e-08,-0.01,1,-1
8.09e-08,-0.01,1,-1
8.1e-08,-0.01,1,-1
8.11e-08,-0.01,1,-1
8.12e-08,-0.01,1,-1
8.13e-08,-0.01,1,-1
8.14e-08,-0.01,1,-1
8.15e-08,-0.01,1,-1
8.16e-08,-0.01,1,-1
8.17e-08,-0.01,1,-1
8.18e-08,-0.01,1,-1
8.19e-08,-0.01,1,-1
8.2e-08,-0.01,1,-1
8.21e-08,-0.01,1,-1
8.22e-08,-0.01,1,-1
8.23e-08,-0.01,1,-1
8.24e-08,-0.01,1,-1
8.25e-08,-0.01,1,-1
8.26e-08,-0.01,1,-1
8.27e-08,-0.01,1,-1
8.28e-08,-0.01,1,-1
8.29e-08,-0.01,1,-1
8.3e-08,-0.01,1,-1
8.31e-08,-0.01,1,-1
8.32e-08,-0.01,1,-1
8.33e-08,-0.01,1,-1
8.34e-08,-0.01,1,-1
8.35e-08,-0.01,1,-1
8.36e-08,-0.01,1,-1
8.37e-08,-0.01,1,-1
8.38e-08,-0.01,1,-1
8.39e-08,-0.01,1,-1
8.4e-08,-0.01,1,-1
8.41e-08,-0.01,1,-1
8.42e-08,-0.01,1,-1
8.43e-08,-0.01,1,-1
8.44e-08,-0.01,1,-1
8.45e-08,-0.01,1,-1
8.46e-08,-0.01,1,-1
8.47e-08,-0.01,1,-1
8.48e-08,-0.01,1,-1
8.49e-08,-0.01,1,-1
8.5e-08,-0.01,1,-1
8.51e-08,-0.01,0,-0.9
8.52e-08,-0.01,0,-0.8
8.53e-08,-0.01,0,-0.7
8.54e-08,-0.01,0,-0.6
8.55e-08,-0.01,0,-0.5
8.56e-08,-0.01,0,-0.4
8.57e-08,-0.01,0,-0.3
8.58e-08,-0.01,0,-0.2
8.59e-08,-0.01,0,-0.1
8.6e-08,-0.01,0,-3.08642000846e-14
8.61e-08,-0.01,0,0
8.62e-08,-0.01,0,0
8.63e-08,-0.01,0,0
8.64e-08,-0.01,0,0
8.65e-08,-0.01,0,0
8.66e-08,-0.01,0,0
8.67e-08,-0.01,0,0
8.68e-08,-0.01,0,0
8.69e-08,-0.01,0,0
8.7e-08,-0.01,0,0
8.71e-08,-0.01,0,0
8.72e-08,-0.01,0,0
8.73e-08,-0.01,0,0
8.74e-08,-0.01,0,0
8.75e-08,-0.01,0,0
8.76e-08,-0.01,0,0
8.77e-08,-0.01,0,0
8.78e-08,-0.01,0,0
8.79e-08,-0.01,0,0
8.8e-08,-0.01,0,0
8.81e-08,-0.01,0,0
8.82e-08,-0.01,0,0
8.83e-08,-0.01,0,0
8.84e-08,-0.01,0,0
8.85e-08,-0.01,0,0
8.86e-08,-0.01,0,0
8.87e-08,-0.01,0,0
8.88e-08,-0.01,0,0
8.89e-08,-0.01,0,0
8.9e-08,-0.01,0,0
8.91e-08,-0.01,0,0
8.92e-08,-0.01,0,0
8.93e-08,-0.01,0,0
8.94e-08,-0.01,0,0
8.95e-08,-0.01,0,0
8.96e-08,-0.01,0,0
8.97e-08,-0.01,0,0
8.98e-08,-0.01,0,0
8.99e-08,-0.01,0,0
9e-08,-0.01,0,0
9.01e-08,-0.01,0,0
9.02e-08,-0.01,0,0
9.03e-08,-0.01,0,0
9.04e-08,-0.01,0,0
9.05e-08,-0.01,0,0
9.06e-08,-0.01,0,0
9.07e-08,-0.01,0,0
9.08e-08,-0.01,0,0
9.09e-08,-0.01,0,0
9.1e-08,-0.01,0,0
9.11e-08,-0.01,0,0
9.12e-08,-0.01,0,0
9.13e-08,-0.01,0,0
9.14e-08,-0.01,0,0
9.15e-08,-0.01,0,0
9.16e-08,-0.01,0,0
9.17e-08,-0.01,0,0
9.18e-08,-0.01,0,0
9.19e-08,-0.01,0,0
9.2e-08,-0.01,0,0
9.21e-08,-0.01,0,0
9.22e-08,-0.01,0,0
9.23e-08,-0.01,0,0
9.24e-08,-0.01,0,0
9.25e-08,-0.01,0,0
9.26e-08,-0.01,0,0
9.27e-08,-0.01,0,0
9.28e-08,-0.01,0,0
9.29e-08,-0.01,0,0
9.3e-08,-0.01,0,0
9.31e-08,-0.01,0,0
9.32e-08,-0.01,0,0
9.33e-08,-0.01,0,0
9.34e-08,-0.01,0,0
9.35e-08,-0.01,0,0
9.36e-08,-0.01,0,0
9.37e-08,-0.01,0,0
9.38e-08,-0.01,0,0
9.39e-08,-0.01,0,0
9.4e-08,-0.01,0,0
9.41e-08,-0.01,0,0
9.42e-08,-0.01,0,0
9.43e-08,-0.01,0,0
9.44e-08,-0.01,0,0
9.45e-08,-0.01,0,0
9.46e-08,-0.01,0,0
9.47e-08,-0.01,0,0
9.48e-08,-0.01,0,0
9.49e-08,-0.01,0,0
9.5e-08,-0.01,0,0
9.51e-08,-0.01,0,0
9.52e-08,-0.01,0,0
9.53e-08,-0.01,0,0
9.54e-08,-0.01,0,0
9.55e-08,-0.01,0,0
9.56e-08,-0.01,0,0
9.57e-08,-0.01,0,0
9.58e-08,-0.01,0,0
9.59e-08,-0.01,0,0
9.6e-08,-0.01,0,0
9.61e-08,-0.01,0,0
9.62e-08,-0.01,0,0
9.63e-08,-0.01,0,0
9.64e-08,-0.01,0,0
9.65e-08,-0.01,0,0
9.66e-08,-0.01,0,0
9.67e-08,-0.01,0,0
9.68e-08,-0.01,0,0
9.69e-08,-0.01,0,0
9.7e-08,-0.01,0,0
9.71e-08,-0.01,0,0
9.72e-08,-0.01,0,0
9.73e-08,-0.01,0,0
9.74e-08,-0.01,0,0
9.75e-08,-0.01,0,0
9.76e-08,-0.01,0,0
9.77e-08,-0.01,0,0
9.78e-08,-0.01,0,0
9.79e-08,-0.01,0,0
9.8e-08,-0.01,0,0
9.81e-08,-0.01,0,0
9.82e-08,-0.01,0,0
9.83e-08,-0.01,0,0
9.84e-08,-0.01,0,0
9.85e-08,-0.01,0,0
9.86e-08,-0.01,0,0
9.87e-08,-0.01,0,0
9.88e-08,-0.01,0,0
9.89e-08,-0.01,0,0
9.9e-08,-0.01,0,0
9.91e-08,-0.01,0,0
9.92e-08,-0.01,0,0
9.93e-08,-0.01,0,0
9.94e-08,-0.01,0,0
9.95e-08,-0.01,0,0
9.96e-08,-0.01,0,0
9.97e-08,-0.01,0,0
9.98e-08,-0.01,0,0
9.99e-08,-0.01,0,0
1e-07,-0.01,0,0
1.001e-07,-0.01,0,0
1.002e-07,-0.01,0,0
1.003e-07,-0.01,0,0
1.004e-07,-0.01,0,0
1.005e-07,-0.01,0,0
1.006e-07,-0.01,0,0
1.007e-07,-0.01,0,0
1.008e-07,-0.01,0,0
1.009e-07,-0.01,0,0
1.01e-07,-0.01,0,0
1.011e-07,-0.01,0,0
1.012e-07,-0.01,0,0
1.013e-07,-0.01,0,0
1.014e-07,-0.01,0,0
1.015e-07,-0.01,0,0
1.016e-07,-0.01,0,0
1.017e-07,-0.01,0,0
1.018e-07,-0.01,0,0
1.019e-07,-0.01,0,0
1.02e-07,-0.01,0,0
1.021e-07,-0.01,0,0
1.022e-07,-0.01,0,0
1.023e-07,-0.01,0,0
1.024e-07,-0.01,0,0
1.025e-07,-0.01,0,0
1.026e-07,-0.01,0,0
1.027e-07,-0.01,0,0
1.028e-07,-0.01,0,0
1.029e-07,-0.01,0,0
1.03e-07,-0.01,0,0
1.031e-07,-0.01,0,0
1.032e-07,-0.01,0,0
1.033e-07,-0.01,0,0
1.034e-07,-0.01,0,0
1.035e-07,-0.01,0,0
1.036e-07,-0.01,0,0
1.037e-07,-0.01,0,0
1.038e-07,-0.01,0,0
1.039e-07,-0.01,0,0
1.04e-07,-0.01,0,0
1.041e-07,-0.01,0,0
1.042e-07,-0.01,0,0
1.043e-07,-0.01,0,0
1.044e-07,-0.01,0,0
1.045e-07,-0.01,0,0
1.046e-07,-0.01,0,0
1.047e-07,-0.01,0,0
1.048e-07,-0.01,0,0
1.049e-07,-0.01,0,0
1.05e-07,-0.01,0,0
1.051e-07,-0.01,0,0
1.052e-07,-0.01,0,0
1.053e-07,-0.01,0,0
1.054e-07,-0.01,0,0
1.055e-07,-0.01,0,0
1.056e-07,-0.01,0,0
1.057e-07,-0.01,0,0
1.058e-07,-0.01,0,0
1.059e-07,-0.01,0,0
1.06e-07,-0.01,0,0
1.061e-07,-0.01,0,0
1.062e-07,-0.01,0,0
1.063e-07,-0.01,0,0
1.064e-07,-0.01,0,0
1.065e-07,-0.01,0,0
1.066e-07,-0.01,0,0
1.067e-07,-0.01,0,0
1.068e-07,-0.01,0,0
1.069e-07,-0.01,0,0
1.07e-07,-0.01,0,0
1.071e-07,-0.01,0,0
1.072e-07,-0.01,0,0
1.073e-07,-0.01,0,0
1.074e-07,-0.01,0,0
1.075e-07,-0.01,0,0
1.076e-07,-0.01,0,0
1.077e-07,-0.01,0,0
1.078e-07,-0.01,0,0
1.079e-07,-0.01,0,0
1.08e-07,-0.01,0,0
1.081e-07,-0.01,0,0
1.082e-07,-0.01,0,0
1.083e-07,-0.01,0,0
1.084e-07,-0.01,0,0
1.085e-07,-0.01,0,0
1.086e-07,-0.01,0,0
1.087e-07,-0.01,0,0
1.088e-07,-0.01,0,0
1.089e-07,-0.01,0,0
1.09e-07,-0.01,0,0
1.091e-07,-0.01,0,0
1.092e-07,-0.01,0,0
1.093e-07,-0.01,0,0
1.094e-07,-0.01,0,0
1.095e-07,-0.01,0,0
1.096e-07,-0.01,0,0
1.097e-07,-0.01,0,0
1.098e-07,-0.01,0,0
1.099e-07,-0.01,0,0
1.1e-07,-0.01,0,0
1.101e-07,-0.01,0,0
1.102e-07,-0.01,0,0
1.103e-07,-0.01,0,0
1.104e-07,-0.01,0,0
1.105e-07,-0.01,0,0
1.106e-07,-0.01,0,0
1.107e-07,-0.01,0,0
1.108e-07,-0.01,0,0
1.109e-07,-0.01,0,0
1.11e-07,-0.01,0,0
1.111e-07,-0.01,0,0
1.112e-07,-0.01,0,0
1.113e-07,-0.01,0,0
1.114e-07,-0.01,0,0
1.115e-07,-0.01,0,0
1.116e-07,-0.01,0,0
1.117e-07,-0.01,0,0
1.118e-07,-0.01,0,0
1.119e-07,-0.01,0,0
1.12e-07,-0.01,0,0
1.121e-07,-0.01,0,0
1.122e-07,-0.01,0,0
1.123e-07,-0.01,0,0
1.124e-07,-0.01,0,0
1.125e-07,-0.01,0,0
1.126e-07,-0.01,0,0
1.127e-07,-0.01,0,0
1.128e-07,-0.01,0,0
1.129e-07,-0.01,0,0
1.13e-07,-0.01,0,0
1.131e-07,-0.01,0,0
1.132e-07,-0.01,0,0
1.133e-07,-0.01,0,0
1.134e-07,-0.01,0,0
1.135e-07,-0.01,0,0
1.136e-07,-0.01,0,0
1.137e-07,-0.01,0,0
1.138e-07,-0.01,0,0
1.139e-07,-0.01,0,0
1.14e-07,-0.01,0,0
1.141e-07,-0.01,0,0
1.142e-07,-0.01,0,0
1.143e-07,-0.01,0,0
1.144e-07,-0.01,0,0
1.145e-07,-0.01,0,0
1.146e-07,-0.01,0,0
1.147e-07,-0.01,0,0
1.148e-07,-0.01,0,0
1.149e-07,-0.01,0,0
1.15e-07,-0.01,0,0
1.151e-07,-0.01,0,0
1.152e-07,-0.01,0,0
1.153e-07,-0.01,0,0
1.154e-07,-0.01,0,0
1.155e-07,-0.01,0,0
1.156e-07,-0.01,0,0
1.157e-07,-0.01,0,0
1.158e-07,-0.01,0,0
1.159e-07,-0.01,0,0
1.16e-07,-0.01,0,0
1.161e-07,-0.01,0,0
1.162e-07,-0.01,0,0
1.163e-07,-0.01,0,0
1.164e-07,-0.01,0,0
1.165e-07,-0.01,0,0
1.166e-07,-0.01,0,0
1.167e-07,-0.01,0,0
1.168e-07,-0.01,0,0
1.169e-07,-0.01,0,0
1.17e-07,-0.01,0,0
1.171e-07,-0.01,0,0
1.172e-07,-0.01,0,0
1.173e-07,-0.01,0,0
1.174e-07,-0.01,0,0
1.175e-07,-0.01,0,0
1.176e-07,-0.01,0,0
1.177e-07,-0.01,0,0
1.178e-07,-0.01,0,0
1.179e-07,-0.01,0,0
1.18e-07,-0.01,0,0
1.181e-07,-0.01,0,0
1.182e-07,-0.01,0,0
1.183e-07,-0.01,0,0
1.184e-07,-0.01,0,0
1.185e-07,-0.01,0,0
1.186e-07,-0.01,0,0
1.187e-07,-0.01,0,0
1.188e-07,-0.01,0,0
1.189e-07,-0.01,0,0
1.19e-07,-0.01,0,0
1.191e-07,-0.01,0,0
1.192e-07,-0.01,0,0
1.193e-07,-0.01,0,0
1.194e-07,-0.01,0,0
1.195e-07,-0.01,0,0
1.196e-07,-0.01,0,0
1.197e-07,-0.01,0,0
1.198e-07,-0.01,0,0
1.199e-07,-0.01,0,0
1.2e-07,-0.024,0,0
1.201e-07,-0.024,0,0
1.202e-07,-0.024,0,0
1.203e-07,-0.024,0,0
1.204e-07,-0.024,0,0
1.205e-07,-0.024,0,0
1.206e-07,-0.024,0,0
1.207e-07,-0.024,0,0
1.208e-07,-0.024,0,0
1.209e-07,-0.024,0,0
1.21e-07,-0.024,0,0
1.211e-07,-0.024,0,0
1.212e-07,-0.024,0,0
1.213e-07,-0.024,0,0
1.214e-07,-0.024,0,0
1.215e-07,-0.024,0,0
1.216e-07,-0.024,0,0
1.217e-07,-0.024,0,0
1.218e-07,-0.024,0,0
1.219e-07,-0.024,0,0
1.22e-07,-0.024,0,0
1.221e-07,-0.024,0,0
1.222e-07,-0.024,0,0
1.223e-07,-0.024,0,0
1.224e-07,-0.024,0,0
1.225e-07,-0.024,0,0
1.226e-07,-0.024,0,0
1.227e-07,-0.024,0,0
1.228e-07,-0.024,0,0
1.229e-07,-0.024,0,0
1.23e-07,-0.024,0,0
1.231e-07,-0.024,0,0
1.232e-07,-0.024,0,0
1.233e-07,-0.024,0,0
1.234e-07,-0.024,0,0
1.235e-07,-0.024,0,0
1.236e-07,-0.024,0,0
1.237e-07,-0.024,0,0
1.238e-07,-0.024,0,0
1.239e-07,-0.024,0,0
1.24e-07,-0.024,0,0
1.241e-07,-0.024,0,0
1.242e-07,-0.024,0,0
1.243e-07,-0.024,0,0
1.244e-07,-0.024,0,0
1.245e-07,-0.024,0,0
1.246e-07,-0.024,0,0
1.247e-07,-0.024,0,0
1.248e-07,-0.024,0,0
1.249e-07,-0.024,0,0
1.25e-07,-0.024,0,0
1.251e-07,-0.024,0,0
1.252e-07,-0.024,0,0
1.253e-07,-0.024,0,0
1.254e-07,-0.024,0,0
1.255e-07,-0.024,0,0
1.256e-07,-0.024,0,0
1.257e-07,-0.024,0,0
1.258e-07,-0.024,0,0
1.259e-07,-0.024,0,0
1.26e-07,-0.024,0,0
1.261e-07,-0.024,0,0
1.262e-07,-0.024,0,0
1.263e-07,-0.024,0,0
1.264e-07,-0.024,0,0
1.265e-07,-0.024,0,0
1.266e-07,-0.024,0,0
1.267e-07,-0.024,0,0
1.268e-07,-0.024,0,0
1.269e-07,-0.024,0,0
1.27e-07,-0.024,0,0
1.271e-07,-0.024,0,0
1.272e-07,-0.024,0,0
1.273e-07,-0.024,0,0
1.274e-07,-0.024,0,0
1.275e-07,-0.024,0,0
1.276e-07,-0.024,0,0
1.277e-07,-0.024,0,0
1.278e-07,-0.024,0,0
1.279e-07,-0.024,0,0
1.28e-07,-0.024,0,0
1.281e-07,-0.024,0,0
1.282e-07,-0.024,0,0
1.283e-07,-0.024,0,0
1.284e-07,-0.024,0,0
1.285e-07,-0.024,0,0
1.286e-07,-0.024,0,0
1.287e-07,-0.024,0,0
1.288e-07,-0.024,0,0
1.289e-07,-0.024,0,0
1.29e-07,-0.024,0,0
1.291e-07,-0.024,0,0
1.292e-07,-0.024,0,0
1.293e-07,-0.024,0,0
1.294e-07,-0.024,0,0
1.295e-07,-0.024,0,0
1.296e-07,-0.024,0,0
1.297e-07,-0.024,0,0
1.298e-07,-0.024,0,0
1.299e-07,-0.024,0,0
1.3e-07,-0.024,0,0
1.301e-07,-0.024,0,0
1.302e-07,-0.024,0,0
1.303e-07,-0.024,0,0
1.304e-07,-0.024,0,0
1.305e-07,-0.024,0,0
1.306e-07,-0.024,0,0
1.307e-07,-0.024,0,0
1.308e-07,-0.024,0,0
1.309e-07,-0.024,0,0
1.31e-07,-0.024,0,0
1.311e-07,-0.024,0,0
1.312e-07,-0.024,0,0
1.313e-07,-0.024,0,0
1.314e-07,-0.024,0,0
1.315e-07,-0.024,0,0
1.316e-07,-0.024,0,0
1.317e-07,-0.024,0,0
1.318e-07,-0.024,0,0
1.319e-07,-0.024,0,0
1.32e-07,-0.024,0,0
1.321e-07,-0.024,0,0
1.322e-07,-0.024,0,0
1.323e-07,-0.024,0,0
1.324e-07,-0.024,0,0
1.325e-07,-0.024,0,0
1.326e-07,-0.024,0,0
1.327e-07,-0.024,0,0
1.328e-07,-0.024,0,0
1.329e-07,-0.024,0,0
1.33e-07,-0.024,0,0
1.331e-07,-0.024,0,0
1.332e-07,-0.024,0,0
1.333e-07,-0.024,0,0
1.334e-07,-0.024,0,0
1.335e-07,-0.024,0,0
1.336e-07,-0.024,0,0
1.337e-07,-0.024,0,0
1.338e-07,-0.024,0,0
1.339e-07,-0.024,0,0
1.34e-07,-0.024,0,0
1.341e-07,-0.024,0,0
1.342e-07,-0.024,0,0
1.343e-07,-0.024,0,0
1.344e-07,-0.024,0,0
1.345e-07,-0.024,0,0
1.346e-07,-0.024,0,0
1.347e-07,-0.024,0,0
1.348e-07,-0.024,0,0
1.349e-07,-0.024,0,0
1.35e-07,-0.024,0,0
1.351e-07,-0.024,0,0
1.352e-07,-0.024,0,0
1.353e-07,-0.024,0,0
1.354e-07,-0.024,0,0
1.355e-07,-0.024,0,0
1.356e-07,-0.024,0,0
1.357e-07,-0.024,0,0
1.358e-07,-0.024,0,0
1.359e-07,-0.024,0,0
1.36e-07,-0.024,0,0
1.361e-07,-0.024,0,0
1.362e-07,-0.024,0,0
1.363e-07,-0.024,0,0
1.364e-07,-0.024,0,0
1.365e-07,-0.024,0,0
1.366e-07,-0.024,0,0
1.367e-07,-0.024,0,0
1.368e-07,-0.024,0,0
1.369e-07,-0.024,0,0
1.37e-07,-0.024,0,0
1.371e-07,-0.024,0,0
1.372e-07,-0.024,0,0
1.373e-07,-0.024,0,0
1.374e-07,-0.024,0,0
1.375e-07,-0.024,0,0
1.376e-07,-0.024,0,0
1.377e-07,-0.024,0,0
1.378e-07,-0.024,0,0
1.379e-07,-0.024,0,0
1.38e-07,-0.024,0,0
1.381e-07,-0.024,0,0
1.382e-07,-0.024,0,0
1.383e-07,-0.024,0,0
1.384e-07,-0.024,0,0
1.385e-07,-0.024,0,0
1.386e-07,-0.024,0,0
1.387e-07,-0.024,0,0
1.388e-07,-0.024,0,0
1.389e-07,-0.024,0,0
1.39e-07,-0.024,0,0
1.391e-07,-0.024,0,0
1.392e-07,-0.024,0,0
1.393e-07,-0.024,0,0
1.394e-07,-0.024,0,0
1.395e-07,-0.024,0,0
1.396e-07,-0.024,0,0
1.397e-07,-0.024,0,0
1.398e-07,-0.024,0,0
1.399e-07,-0.024,0,0
1.4e-07,-0.024,0,0
1.401e-07,-0.024,1,0
1.402e-07,-0.024,1,0
1.403e-07,-0.024,1,0
1.404e-07,-0.024,1,0
1.405e-07,-0.024,1,0
1.406e-07,-0.024,1,0
1.407e-07,-0.024,1,0
1.408e-07,-0.024,1,0
1.409e-07,-0.024,1,0
1.41e-07,-0.024,1,0
1.411e-07,-0.024,1,0
1.412e-07,-0.024,1,0
1.413e-07,-0.024,1,0
1.414e-07,-0.024,1,0
1.415e-07,-0.024,1,0
1.416e-07,-0.024,1,0
1.417e-07,-0.024,1,0
1.418e-07,-0.024,1,0
1.419e-07,-0.024,1,0
1.42e-07,-0.024,1,0
1.421e-07,-0.024,1,0
1.422e-07,-0.024,1,0
1.423e-07,-0.024,1,0
1.424e-07,-0.024,1,0
1.425e-07,-0.024,1,0
1.426e-07,-0.024,1,0
1.427e-07,-0.024,1,0
1.428e-07,-0.024,1,0
1.429e-07,-0.024,1,0
1.43e-07,-0.024,1,0
1.431e-07,-0.024,1,0
1.432e-07,-0.024,1,0
1.433e-07,-0.024,1,0
1.434e-07,-0.024,1,0
1.435e-07,-0.024,1,0
1.436e-07,-0.024,1,0
1.437e-07,-0.024,1,0
1.438e-07,-0.024,1,0
1.439e-07,-0.024,1,0
1.44e-07,-0.024,1,0
1.441e-07,-0.024,1,0
1.442e-07,-0.024,1,0
1.443e-07,-0.024,1,0
1.444e-07,-0.024,1,0
1.445e-07,-0.024,1,0
1.446e-07,-0.024,1,0
1.447e-07,-0.024,1,0
1.448e-07,-0.024,1,0
1.449e-07,-0.024,1,0
1.45e-07,-0.024,1,0
1.451e-07,-0.024,1,0
1.452e-07,-0.024,1,0
1.453e-07,-0.024,1,0
1.454e-07,-0.024,1,0
1.455e-07,-0.024,1,0
1.456e-07,-0.024,1,0
1.457e-07,-0.024,1,0
1.458e-07,-0.024,1,0
1.459e-07,-0.024,1,0
1.46e-07,-0.024,1,0
1.461e-07,-0.024,1,0
1.462e-07,-0.024,1,0
1.463e-07,-0.024,1,0
1.464e-07,-0.024,1,0
1.465e-07,-0.024,1,0
1.466e-07,-0.024,1,0
1.467e-07,-0.024,1,0
1.468e-07,-0.024,1,0
1.469e-07,-0.024,1,0
1.47e-07,-0.024,1,0
1.471e-07,-0.024,1,0
1.472e-07,-0.024,1,0
1.473e-07,-0.024,1,0
1.474e-07,-0.024,1,0
1.475e-07,-0.024,1,0
1.476e-07,-0.024,1,0
1.477e-07,-0.024,1,0
1.478e-07,-0.024,1,0
1.479e-07,-0.024,1,0
1.48e-07,-0.024,1,0
1.481e-07,-0.024,1,0
1.482e-07,-0.024,1,0
1.483e-07,-0.024,1,0
1.484e-07,-0.024,1,0
1.485e-07,-0.024,1,0
1.486e-07,-0.024,1,0
1.487e-07,-0.024,1,0
1.488e-07,-0.024,1,0
1.489e-07,-0.024,1,0
1.49e-07,-0.024,1,0
1.491e-07,-0.024,1,0
1.492e-07,-0.024,1,0
1.493e-07,-0.024,1,0
1.494e-07,-0.024,1,0
1.495e-07,-0.024,1,0
1.496e-07,-0.024,1,0
1.497e-07,-0.024,1,0
1.498e-07,-0.024,1,0
1.499e-07,-0.024,1,0
1.5e-07,-0.024,1,0
1.501e-07,-0.024,1,0
1.502e-07,-0.024,1,0
1.503e-07,-0.024,1,0
1.504e-07,-0.024,1,0
1.505e-07,-0.024,1,0
1.506e-07,-0.024,1,0
1.507e-07,-0.024,1,0
1.508e-07,-0.024,1,0
1.509e-07,-0.024,1,0
1.51e-07,-0.024,1,0
1.511e-07,-0.024,1,-0.1
1.512e-07,-0.024,1,-0.2
1.513e-07,-0.024,1,-0.3
1.514e-07,-0.024,1,-0.4
1.515e-07,-0.024,1,-0.5
1.516e-07,-0.024,1,-0.6
1.517e-07,-0.024,1,-0.7
1.518e-07,-0.024,1,-0.8
1.519e-07,-0.024,1,-0.9
1.52e-07,-0.024,1,-1
1.521e-07,-0.024,1,-1
1.522e-07,-0.024,1,-1
1.523e-07,-0.024,1,-1
1.524e-07,-0.024,1,-1
1.525e-07,-0.024,1,-1
1.526e-07,-0.024,1,-1
1.527e-07,-0.024,1,-1
1.528e-07,-0.024,1,-1
1.529e-07,-0.024,1,-1
1.53e-07,-0.024,1,-1
1.531e-07,-0.024,1,-1
1.532e-07,-0.024,1,-1
1.533e-07,-0.024,1,-1
1.534e-07,-0.024,1,-1
1.535e-07,-0.024,1,-1
1.536e-07,-0.024,1,-1
1.537e-07,-0.024,1,-1
1.538e-07,-0.024,1,-1
1.539e-07,-0.024,1,-1
1.54e-07,-0.024,1,-1
1.541e-07,-0.024,1,-1
1.542e-07,-0.024,1,-1
1.543e-07,-0.024,1,-1
1.544e-07,-0.024,1,-1
1.545e-07,-0.024,1,-1
1.546e-07,-0.024,1,-1
1.547e-07,-0.024,1,-1
1.548e-07,-0.024,1,-1
1.549e-07,-0.024,1,-1
1.55e-07,-0.024,1,-1
1.551e-07,-0.024,1,-1
1.552e-07,-0.024,1,-1
1.553e-07,-0.024,1,-1
1.554e-07,-0.024,1,-1
1.555e-07,-0.024,1,-1
1.556e-07,-0.024,1,-1
1.557e-07,-0.024,1,-1
1.558e-07,-0.024,1,-1
1.559e-07,-0.024,1,-1
1.56e-07,-0.024,1,-1
1.561e-07,-0.024,1,-1
1.562e-07,-0.024,1,-1
1.563e-07,-0.024,1,-1
1.564e-07,-0.024,1,-1
1.565e-07,-0.024,1,-1
1.566e-07,-0.024,1,-1
1.567e-07,-0.024,1,-1
1.568e-07,-0.024,1,-1
1.569e-07,-0.024,1,-1
1.57e-07,-0.024,1,-1
1.571e-07,-0.024,1,-1
1.572e-07,-0.024,1,-1
1.573e-07,-0.024,1,-1
1.574e-07,-0.024,1,-1
1.575e-07,-0.024,1,-1
1.576e-07,-0.024,1,-1
1.577e-07,-0.024,1,-1
1.578e-07,-0.024,1,-1
1.579e-07,-0.024,1,-1
1.58e-07,-0.024,1,-1
1.581e-07,-0.024,1,-1
1.582e-07,-0.024,1,-1
1.583e-07,-0.024,1,-1
1.584e-07,-0.024,1,-1
1.585e-07,-0.024,1,-1
1.586e-07,-0.024,1,-1
1.587e-07,-0.024,1,-1
1.588e-07,-0.024,1,-1
1.589e-07,-0.024,1,-1
1.59e-07,-0.024,1,-1
1.591e-07,-0.024,1,-1
1.592e-07,-0.024,1,-1
1.593e-07,-0.024,1,-1
1.594e-07,-0.024,1,-1
1.595e-07,-0.024,1,-1
1.596e-07,-0.024,1,-1
1.597e-07,-0.024,1,-1
1.598e-07,-0.024,1,-1
1.599e-07,-0.024,1,-1
1.6e-07,-0.024,1,-1
1.601e-07,-0.024,1,-1
1.602e-07,-0.024,1,-1
1.603e-07,-0.024,1,-1
1.604e-07,-0.024,1,-1
1.605e-07,-0.024,1,-1
1.606e-07,-0.024,1,-1
1.607e-07,-0.024,1,-1
1.608e-07,-0.024,1,-1
1.609e-07,-0.024,1,-1
1.61e-07,-0.024,1,-1
1.611e-07,-0.024,1,-1
1.612e-07,-0.024,1,-1
1.613e-07,-0.024,1,-1
1.614e-07,-0.024,1,-1
1.615e-07,-0.024,1,-1
1.616e-07,-0.024,1,-1
1.617e-07,-0.024,1,-1
1.618e-07,-0.024,1,-1
1.619e-07,-0.024,1,-1
1.62e-07,-0.024,1,-1
1.621e-07,-0.024,1,-1
1.622e-07,-0.024,1,-1
1.623e-07,-0.024,1,-1
1.624e-07,-0.024,1,-1
1.625e-07,-0.024,1,-1
1.626e-07,-0.024,1,-1
1.627e-07,-0.024,1,-1
1.628e-07,-0.024,1,-1
1.629e-07,-0.024,1,-1
1.63e-07,-0.024,1,-1
1.631e-07,-0.024,1,-1
1.632e-07,-0.024,1,-1
1.633e-07,-0.024,1,-1
1.634e-07,-0.024,1,-1
1.635e-07,-0.024,1,-1
1.636e-07,-0.024,1,-1
1.637e-07,-0.024,1,-1
1.638e-07,-0.024,1,-1
1.639e-07,-0.024,1,-1
1.64e-07,-0.024,1,-1
1.641e-07,-0.024,1,-1
1.642e-07,-0.024,1,-1
1.643e-07,-0.024,1,-1
1.644e-07,-0.024,1,-1
1.645e-07,-0.024,1,-1
1.646e-07,-0.024,1,-1
1.647e-07,-0.024,1,-1
1.648e-07,-0.024,1,-1
1.649e-07,-0.024,1,-1
1.65e-07,-0.024,1,-1
1.651e-07,-0.024,1,-1
1.652e-07,-0.024,1,-1
1.653e-07,-0.024,1,-1
1.654e-07,-0.024,1,-1
1.655e-07,-0.024,1,-1
1.656e-07,-0.024,1,-1
1.657e-07,-0.024,1,-1
1.658e-07,-0.024,1,-1
1.659e-07,-0.024,1,-1
1.66e-07,-0.024,1,-1
1.661e-07,-0.024,1,-1
1.662e-07,-0.024,1,-1
1.663e-07,-0.024,1,-1
1.664e-07,-0.024,1,-1
1.665e-07,-0.024,1,-1
1.666e-07,-0.024,1,-1
1.667e-07,-0.024,1,-1
1.668e-07,-0.024,1,-1
1.669e-07,-0.024,1,-1
1.67e-07,-0.024,1,-1
1.671e-07,-0.024,1,-1
1.672e-07,-0.024,1,-1
1.673e-07,-0.024,1,-1
1.674e-07,-0.024,1,-1
1.675e-07,-0.024,1,-1
1.676e-07,-0.024,1,-1
1.677e-07,-0.024,1,-1
1.678e-07,-0.024,1,-1
1.679e-07,-0.024,1,-1
1.68e-07,-0.024,1,-1
1.681e-07,-0.024,1,-1
1.682e-07,-0.024,1,-1
1.683e-07,-0.024,1,-1
1.684e-07,-0.024,1,-1
1.685e-07,-0.024,1,-1
1.686e-07,-0.024,1,-1
1.687e-07,-0.024,1,-1
1.688e-07,-0.024,1,-1
1.689e-07,-0.024,1,-1
1.69e-07,-0.024,1,-1
1.691e-07,-0.024,1,-1
1.692e-07,-0.024,1,-1
1.693e-07,-0.024,1,-1
1.694e-07,-0.024,1,-1
1.695e-07,-0.024,1,-1
1.696e-07,-0.024,1,-1
1.697e-07,-0.024,1,-1
1.698e-07,-0.024,1,-1
1.699e-07,-0.024,1,-1
1.7e-07,-0.024,1,-1
1.701e-07,-0.024,1,-1
1.702e-07,-0.024,1,-1
1.703e-07,-0.024,1,-1
1.704e-07,-0.024,1,-1
1.705e-07,-0.024,1,-1
1.706e-07,-0.024,1,-1
1.707e-07,-0.024,1,-1
1.708e-07,-0.024,1,-1
1.709e-07,-0.024,1,-1
1.71e-07,-0.024,1,-1
1.711e-07,-0.024,1,-1
1.712e-07,-0.024,1,-1
1.713e-07,-0.024,1,-1
1.714e-07,-0.024,1,-1
1.715e-07,-0.024,1,-1
1.716e-07,-0.024,1,-1
1.717e-07,-0.024,1,-1
1.718e-07,-0.024,1,-1
1.719e-07,-0.024,1,-1
1.72e-07,-0.024,1,-1
1.721e-07,-0.024,1,-1
1.722e-07,-0.024,1,-1
1.723e-07,-0.024,1,-1
1.724e-07,-0.024,1,-1
1.725e-07,-0.024,1,-1
1.726e-07,-0.024,1,-1
1.727e-07,-0.024,1,-1
1.728e-07,-0.024,1,-1
1.729e-07,-0.024,1,-1
1.73e-07,-0.024,1,-1
1.731e-07,-0.024,1,-1
1.732e-07,-0.024,1,-1
1.733e-07,-0.024,1,-1
1.734e-07,-0.024,1,-1
1.735e-07,-0.024,1,-1
1.736e-07,-0.024,1,-1
1.737e-07,-0.024,1,-1
1.738e-07,-0.024,1,-1
1.739e-07,-0.024,1,-1
1.74e-07,-0.024,1,-1
1.741e-07,-0.024,1,-1
1.742e-07,-0.024,1,-1
1.743e-07,-0.024,1,-1
1.744e-07,-0.024,1,-1
1.745e-07,-0.024,1,-1
1.746e-07,-0.024,1,-1
1.747e-07,-0.024,1,-1
1.748e-07,-0.024,1,-1
1.749e-07,-0.024,1,-1
1.75e-07,-0.024,1,-1
1.751e-07,-0.024,1,-1
1.752e-07,-0.024,1,-1
1.753e-07,-0.024,1,-1
1.754e-07,-0.024,1,-1
1.755e-07,-0.024,1,-1
1.756e-07,-0.024,1,-1
1.757e-07,-0.024,1,-1
1.758e-07,-0.024,1,-1
1.759e-07,-0.024,1,-1
1.76e-07,-0.024,1,-1
1.761e-07,-0.024,1,-1
1.762e-07,-0.024,1,-1
1.763e-07,-0.024,1,-1
1.764e-07,-0.024,1,-1
1.765e-07,-0.024,1,-1
1.766e-07,-0.024,1,-1
1.767e-07,-0.024,1,-1
1.768e-07,-0.024,1,-1
1.769e-07,-0.024,1,-1
1.77e-07,-0.024,1,-1
1.771e-07,-0.024,1,-1
1.772e-07,-0.024,1,-1
1.773e-07,-0.024,1,-1
1.774e-07,-0.024,1,-1
1.775e-07,-0.024,1,-1
1.776e-07,-0.024,1,-1
1.777e-07,-0.024,1,-1
1.778e-07,-0.024,1,-1
1.779e-07,-0.024,1,-1
1.78e-07,-0.024,1,-1
1.781e-07,-0.024,1,-1
1.782e-07,-0.024,1,-1
1.783e-07,-0.024,1,-1
1.784e-07,-0.024,1,-1
1.785e-07,-0.024,1,-1
1.786e-07,-0.024,1,-1
1.787e-07,-0.024,1,-1
1.788e-07,-0.024,1,-1
1.789e-07,-0.024,1,-1
1.79e-07,-0.024,1,-1
1.791e-07,-0.024,1,-1
1.792e-07,-0.024,1,-1
1.793e-07,-0.024,1,-1
1.794e-07,-0.024,1,-1
1.795e-07,-0.024,1,-1
1.796e-07,-0.024,1,-1
1.797e-07,-0.024,1,-1
1.798e-07,-0.024,1,-1
1.799e-07,-0.024,1,-1
1.8e-07,-0.024,1,-1
1.801e-07,-0.024,1,-1
1.802e-07,-0.024,1,-1
1.803e-07,-0.024,1,-1
1.804e-07,-0.024,1,-1
1.805e-07,-0.024,1,-1
1.806e-07,-0.024,1,-1
1.807e-07,-0.024,1,-1
1.808e-07,-0.024,1,-1
1.809e-07,-0.024,1,-1
1.81e-07,-0.024,1,-1
1.811e-07,-0.024,1,-1
1.812e-07,-0.024,1,-1
1.813e-07,-0.024,1,-1
1.814e-07,-0.024,1,-1
1.815e-07,-0.024,1,-1
1.816e-07,-0.024,1,-1
1.817e-07,-0.024,1,-1
1.818e-07,-0.024,1,-1
1.819e-07,-0.024,1,-1
1.82e-07,-0.024,1,-1
1.821e-07,-0.024,1,-1
1.822e-07,-0.024,1,-1
1.823e-07,-0.024,1,-1
1.824e-07,-0.024,1,-1
1.825e-07,-0.024,1,-1
1.826e-07,-0.024,1,-1
1.827e-07,-0.024,1,-1
1.828e-07,-0.024,1,-1
1.829e-07,-0.024,1,-1
1.83e-07,-0.024,1,-1
1.831e-07,-0.024,1,-1
1.832e-07,-0.024,1,-1
1.833e-07,-0.024,1,-1
1.834e-07,-0.024,1,-1
1.835e-07,-0.024,1,-1
1.836e-07,-0.024,1,-1
1.837e-07,-0.024,1,-1
1.838e-07,-0.024,1,-1
1.839e-07,-0.024,1,-1
1.84e-07,-0.024,1,-1
1.841e-07,-0.024,1,-1
1.842e-07,-0.024,1,-1
1.843e-07,-0.024,1,-1
1.844e-07,-0.024,1,-1
1.845e-07,-0.024,1,-1
1.846e-07,-0.024,1,-1
1.847e-07,-0.024,1,-1
1.848e-07,-0.024,1,-1
1.849e-07,-0.024,1,-1
1.85e-07,-0.024,1,-1
1.851e-07,-0.024,1,-1
1.852e-07,-0.024,1,-1
1.853e-07,-0.024,1,-1
1.854e-07,-0.024,1,-1
1.855e-07,-0.024,1,-1
1.856e-07,-0.024,1,-1
1.857e-07,-0.024,1,-1
1.858e-07,-0.024,1,-1
1.859e-07,-0.024,1,-1
1.86e-07,-0.024,1,-1
1.861e-07,-0.024,1,-1
1.862e-07,-0.024,1,-1
1.863e-07,-0.024,1,-1
1.864e-07,-0.024,1,-1
1.865e-07,-0.024,1,-1
1.866e-07,-0.024,1,-1
1.867e-07,-0.024,1,-1
1.868e-07,-0.024,1,-1
1.869e-07,-0.024,1,-1
1.87e-07,-0.024,1,-1
1.871e-07,-0.024,1,-1
1.872e-07,-0.024,1,-1
1.873e-07,-0.024,1,-1
1.874e-07,-0.024,1,-1
1.875e-07,-0.024,1,-1
1.876e-07,-0.024,1,-1
1.877e-07,-0.024,1,-1
1.878e-07,-0.024,1,-1
1.879e-07,-0.024,1,-1
1.88e-07,-0.024,1,-1
1.881e-07,-0.024,1,-1
1.882e-07,-0.024,1,-1
1.883e-07,-0.024,1,-1
1.884e-07,-0.024,1,-1
1.885e-07,-0.024,1,-1
1.886e-07,-0.024,1,-1
1.887e-07,-0.024,1,-1
1.888e-07,-0.024,1,-1
1.889e-07,-0.024,1,-1
1.89e-07,-0.024,1,-1
1.891e-07,-0.024,1,-1
1.892e-07,-0.024,1,-1
1.893e-07,-0.024,1,-1
1.894e-07,-0.024,1,-1
1.895e-07,-0.024,1,-1
1.896e-07,-0.024,1,-1
1.897e-07,-0.024,1,-1
1.898e-07,-0.024,1,-1
1.899e-07,-0.024,1,-1
1.9e-07,-0.024,1,-1
1.901e-07,-0.024,1,-1
1.902e-07,-0.024,1,-1
1.903e-07,-0.024,1,-1
1.904e-07,-0.024,1,-1
1.905e-07,-0.024,1,-1
1.906e-07,-0.024,1,-1
1.907e-07,-0.024,1,-1
1.908e-07,-0.024,1,-1
1.909e-07,-0.024,1,-1
1.91e-07,-0.024,1,-1
1.911e-07,-0.024,1,-1
1.912e-07,-0.024,1,-1
1.913e-07,-0.024,1,-1
1.914e-07,-0.024,1,-1
1.915e-07,-0.024,1,-1
1.916e-07,-0.024,1,-1
1.917e-07,-0.024,1,-1
1.918e-07,-0.024,1,-1
1.919e-07,-0.024,1,-1
1.92e-07,-0.024,1,-1
1.921e-07,-0.024,1,-1
1.922e-07,-0.024,1,-1
1.923e-07,-0.024,1,-1
1.924e-07,-0.024,1,-1
1.925e-07,-0.024,1,-1
1.926e-07,-0.024,1,-1
1.927e-07,-0.024,1,-1
1.928e-07,-0.024,1,-1
1.929e-07,-0.024,1,-1
1.93e-07,-0.024,1,-1
1.931e-07,-0.024,1,-1
1.932e-07,-0.024,1,-1
1.933e-07,-0.024,1,-1
1.934e-07,-0.024,1,-1
1.935e-07,-0.024,1,-1
1.936e-07,-0.024,1,-1
1.937e-07,-0.024,1,-1
1.938e-07,-0.024,1,-1
1.939e-07,-0.024,1,-1
1.94e-07,-0.024,1,-1
1.941e-07,-0.024,1,-1
1.942e-07,-0.024,1,-1
1.943e-07,-0.024,1,-1
1.944e-07,-0.024,1,-1
1.945e-07,-0.024,1,-1
1.946e-07,-0.024,1,-1
1.947e-07,-0.024,1,-1
1.948e-07,-0.024,1,-1
1.949e-07,-0.024,1,-1
1.95e-07,-0.024,1,-1
1.951e-07,-0.024,1,-1
1.952e-07,-0.024,1,-1
1.953e-07,-0.024,1,-1
1.954e-07,-0.024,1,-1
1.955e-07,-0.024,1,-1
1.956e-07,-0.024,1,-1
1.957e-07,-0.024,1,-1
1.958e-07,-0.024,1,-1
1.959e-07,-0.024,1,-1
1.96e-07,-0.024,1,-1
1.961e-07,-0.024,1,-1
1.962e-07,-0.024,1,-1
1.963e-07,-0.024,1,-1
1.964e-07,-0.024,1,-1
1.965e-07,-0.024,1,-1
1.966e-07,-0.024,1,-1
1.967e-07,-0.024,1,-1
1.968e-07,-0.024,1,-1
1.969e-07,-0.024,1,-1
1.97e-07,-0.024,1,-1
1.971e-07,-0.024,1,-1
1.972e-07,-0.024,1,-1
1.973e-07,-0.024,1,-1
1.974e-07,-0.024,1,-1
1.975e-07,-0.024,1,-1
1.976e-07,-0.024,1,-1
1.977e-07,-0.024,1,-1
1.978e-07,-0.024,1,-1
1.979e-07,-0.024,1,-1
1.98e-07,-0.024,1,-1
1.981e-07,-0.024,1,-1
1.982e-07,-0.024,1,-1
1.983e-07,-0.024,1,-1
1.984e-07,-0.024,1,-1
1.985e-07,-0.024,1,-1
1.986e-07,-0.024,1,-1
1.987e-07,-0.024,1,-1
1.988e-07,-0.024,1,-1
1.989e-07,-0.024,1,-1
1.99e-07,-0.024,1,-1
1.991e-07,-0.024,1,-1
1.992e-07,-0.024,1,-1
1.993e-07,-0.024,1,-1
1.994e-07,-0.024,1,-1
1.995e-07,-0.024,1,-1
1.996e-07,-0.024,1,-1
1.997e-07,-0.024,1,-1
1.998e-07,-0.024,1,-1
1.999e-07,-0.024,1,-1
2e-07,-0.024,1,-1
2.001e-07,-0.024,1,-1
2.002e-07,-0.024,1,-1
2.003e-07,-0.024,1,-1
2.004e-07,-0.024,1,-1
2.005e-07,-0.024,1,-1
2.006e-07,-0.024,1,-1
2.007e-07,-0.024,1,-1
2.008e-07,-0.024,1,-1
2.009e-07,-0.024,1,-1
2.01e-07,-0.024,1,-1
2.011e-07,-0.024,1,-1
2.012e-07,-0.024,1,-1
2.013e-07,-0.024,1,-1
2.014e-07,-0.024,1,-1
2.015e-07,-0.024,1,-1
2.016e-07,-0.024,1,-1
2.017e-07,-0.024,1,-1
2.018e-07,-0.024,1,-1
2.019e-07,-0.024,1,-1
2.02e-07,-0.024,1,-1
2.021e-07,-0.024,1,-1
2.022e-07,-0.024,1,-1
2.023e-07,-0.024,1,-1
2.024e-07,-0.024,1,-1
2.025e-07,-0.024,1,-1
2.026e-07,-0.024,1,-1
2.027e-07,-0.024,1,-1
2.028e-07,-0.024,1,-1
2.029e-07,-0.024,1,-1
2.03e-07,-0.024,1,-1
2.031e-07,-0.024,1,-1
2.032e-07,-0.024,1,-1
2.033e-07,-0.024,1,-1
2.034e-07,-0.024,1,-1
2.035e-07,-0.024,1,-1
2.036e-07,-0.024,1,-1
2.037e-07,-0.024,1,-1
2.038e-07,-0.024,1,-1
2.039e-07,-0.024,1,-1
2.04e-07,-0.024,1,-1
2.041e-07,-0.024,1,-1
2.042e-07,-0.024,1,-1
2.043e-07,-0.024,1,-1
2.044e-07,-0.024,1,-1
2.045e-07,-0.024,1,-1
2.046e-07,-0.024,1,-1
2.047e-07,-0.024,1,-1
2.048e-07,-0.024,1,-1
2.049e-07,-0.024,1,-1
2.05e-07,-0.024,1,-1
2.051e-07,-0.024,0,-0.9
2.052e-07,-0.024,0,-0.8
2.053e-07,-0.024,0,-0.7
2.054e-07,-0.024,0,-0.6
2.055e-07,-0.024,0,-0.5
2.056e-07,-0.024,0,-0.4
2.057e-07,-0.024,0,-0.3
2.058e-07,-0.024,0,-0.2
2.059e-07,-0.024,0,-0.1
2.06e-07,-0.024,0,-3.08642000846e-14
2.061e-07,-0.024,0,0
2.062e-07,-0.024,0,0
2.063e-07,-0.024,0,0
2.064e-07,-0.024,0,0
2.065e-07,-0.024,0,0
2.066e-07,-0.024,0,0
2.067e-07,-0.024,0,0
2.068e-07,-0.024,0,0
2.069e-07,-0.024,0,0
2.07e-07,-0.024,0,0
2.071e-07,-0.024,0,0
2.072e-07,-0.024,0,0
2.073e-07,-0.024,0,0
2.074e-07,-0.024,0,0
2.075e-07,-0.024,0,0
2.076e-07,-0.024,0,0
2.077e-07,-0.024,0,0
2.078e-07,-0.024,0,0
2.079e-07,-0.024,0,0
2.08e-07,-0.024,0,0
2.081e-07,-0.024,0,0
2.082e-07,-0.024,0,0
2.083e-07,-0.024,0,0
2.084e-07,-0.024,0,0
2.085e-07,-0.024,0,0
2.086e-07,-0.024,0,0
2.087e-07,-0.024,0,0
2.088e-07,-0.024,0,0
2.089e-07,-0.024,0,0
2.09e-07,-0.024,0,0
2.091e-07,-0.024,0,0
2.092e-07,-0.024,0,0
2.093e-07,-0.024,0,0
2.094e-07,-0.024,0,0
2.095e-07,-0.024,0,0
2.096e-07,-0.024,0,0
2.097e-07,-0.024,0,0
2.098e-07,-0.024,0,0
2.099e-07,-0.024,0,0
2.1e-07,-0.024,0,0
2.101e-07,-0.024,0,0
2.102e-07,-0.024,0,0
2.103e-07,-0.024,0,0
2.104e-07,-0.024,0,0
2.105e-07,-0.024,0,0
2.106e-07,-0.024,0,0
2.107e-07,-0.024,0,0
2.108e-07,-0.024,0,0
2.109e-07,-0.024,0,0
2.11e-07,-0.024,0,0
2.111e-07,-0.024,0,0
2.112e-07,-0.024,0,0
2.113e-07,-0.024,0,0
2.114e-07,-0.024,0,0
2.115e-07,-0.024,0,0
2.116e-07,-0.024,0,0
2.117e-07,-0.024,0,0
2.118e-07,-0.024,0,0
2.119e-07,-0.024,0,0
2.12e-07,-0.024,0,0
2.121e-07,-0.024,0,0
2.122e-07,-0.024,0,0
2.123e-07,-0.024,0,0
2.124e-07,-0.024,0,0
2.125e-07,-0.024,0,0
2.126e-07,-0.024,0,0
2.127e-07,-0.024,0,0
2.128e-07,-0.024,0,0
2.129e-07,-0.024,0,0
2.13e-07,-0.024,0,0
2.131e-07,-0.024,0,0
2.132e-07,-0.024,0,0
2.133e-07,-0.024,0,0
2.134e-07,-0.024,0,0
2.135e-07,-0.024,0,0
2.136e-07,-0.024,0,0
2.137e-07,-0.024,0,0
2.138e-07,-0.024,0,0
2.139e-07,-0.024,0,0
2.14e-07,-0.024,0,0
2.141e-07,-0.024,0,0
2.142e-07,-0.024,0,0
2.143e-07,-0.024,0,0
2.144e-07,-0.024,0,0
2.145e-07,-0.024,0,0
2.146e-07,-0.024,0,0
2.147e-07,-0.024,0,0
2.148e-07,-0.024,0,0
2.149e-07,-0.024,0,0
2.15e-07,-0.024,0,0
2.151e-07,-0.024,0,0
2.152e-07,-0.024,0,0
2.153e-07,-0.024,0,0
2.154e-07,-0.024,0,0
2.155e-07,-0.024,0,0
2.156e-07,-0.024,0,0
2.157e-07,-0.024,0,0
2.158e-07,-0.024,0,0
2.159e-07,-0.024,0,0
2.16e-07,-0.024,0,0
2.161e-07,-0.024,0,0
2.162e-07,-0.024,0,0
2.163e-07,-0.024,0,0
2.164e-07,-0.024,0,0
2.165e-07,-0.024,0,0
2.166e-07,-0.024,0,0
2.167e-07,-0.024,0,0
2.168e-07,-0.024,0,0
2.169e-07,-0.024,0,0
2.17e-07,-0.024,0,0
2.171e-07,-0.024,0,0
2.172e-07,-0.024,0,0
2.173e-07,-0.024,0,0
2.174e-07,-0.024,0,0
2.175e-07,-0.024,0,0
2.176e-07,-0.024,0,0
2.177e-07,-0.024,0,0
2.178e-07,-0.024,0,0
2.179e-07,-0.024,0,0
2.18e-07,-0.024,0,0
2.181e-07,-0.024,0,0
2.182e-07,-0.024,0,0
2.183e-07,-0.024,0,0
2.184e-07,-0.024,0,0
2.185e-07,-0.024,0,0
2.186e-07,-0.024,0,0
2.187e-07,-0.024,0,0
2.188e-07,-0.024,0,0
2.189e-07,-0.024,0,0
2.19e-07,-0.024,0,0
2.191e-07,-0.024,0,0
2.192e-07,-0.024,0,0
2.193e-07,-0.024,0,0
2.194e-07,-0.024,0,0
2.195e-07,-0.024,0,0
2.196e-07,-0.024,0,0
2.197e-07,-0.024,0,0
2.198e-07,-0.024,0,0
2.199e-07,-0.024,0,0
2.2e-07,-0.024,0,0
2.201e-07,-0.024,0,0
2.202e-07,-0.024,0,0
2.203e-07,-0.024,0,0
2.204e-07,-0.024,0,0
2.205e-07,-0.024,0,0
2.206e-07,-0.024,0,0
2.207e-07,-0.024,0,0
2.208e-07,-0.024,0,0
2.209e-07,-0.024,0,0
2.21e-07,-0.024,0,0
2.211e-07,-0.024,0,0
2.212e-07,-0.024,0,0
2.213e-07,-0.024,0,0
2.214e-07,-0.024,0,0
2.215e-07,-0.024,0,0
2.216e-07,-0.024,0,0
2.217e-07,-0.024,0,0
2.218e-07,-0.024,0,0
2.219e-07,-0.024,0,0
2.22e-07,-0.024,0,0
2.221e-07,-0.024,0,0
2.222e-07,-0.024,0,0
2.223e-07,-0.024,0,0
2.224e-07,-0.024,0,0
2.225e-07,-0.024,0,0
2.226e-07,-0.024,0,0
2.227e-07,-0.024,0,0
2.228e-07,-0.024,0,0
2.229e-07,-0.024,0,0
2.23e-07,-0.024,0,0
2.231e-07,-0.024,0,0
2.232e-07,-0.024,0,0
2.233e-07,-0.024,0,0
2.234e-07,-0.024,0,0
2.235e-07,-0.024,0,0
2.236e-07,-0.024,0,0
2.237e-07,-0.024,0,0
2.238e-07,-0.024,0,0
2.239e-07,-0.024,0,0
2.24e-07,-0.024,0,0
2.241e-07,-0.024,0,0
2.242e-07,-0.024,0,0
2.243e-07,-0.024,0,0
2.244e-07,-0.024,0,0
2.245e-07,-0.024,0,0
2.246e-07,-0.024,0,0
2.247e-07,-0.024,0,0
2.248e-07,-0.024,0,0
2.249e-07,-0.024,0,0
2.25e-07,-0.024,0,0
2.251e-07,-0.024,0,0
2.252e-07,-0.024,0,0
2.253e-07,-0.024,0,0
2.254e-07,-0.024,0,0
2.255e-07,-0.024,0,0
2.256e-07,-0.024,0,0
2.257e-07,-0.024,0,0
2.258e-07,-0.024,0,0
2.259e-07,-0.024,0,0
2.26e-07,-0.024,0,0
2.261e-07,-0.024,0,0
2.262e-07,-0.024,0,0
2.263e-07,-0.024,0,0
2.264e-07,-0.024,0,0
2.265e-07,-0.024,0,0
2.266e-07,-0.024,0,0
2.267e-07,-0.024,0,0
2.268e-07,-0.024,0,0
2.269e-07,-0.024,0,0
2.27e-07,-0.024,0,0
2.271e-07,-0.024,0,0
2.272e-07,-0.024,0,0
2.273e-07,-0.024,0,0
2.274e-07,-0.024,0,0
2.275e-07,-0.024,0,0
2.276e-07,-0.024,0,0
2.277e-07,-0.024,0,0
2.278e-07,-0.024,0,0
2.279e-07,-0.024,0,0
2.28e-07,-0.024,0,0
2.281e-07,-0.024,0,0
2.282e-07,-0.024,0,0
2.283e-07,-0.024,0,0
2.284e-07,-0.024,0,0
2.285e-07,-0.024,0,0
2.286e-07,-0.024,0,0
2.287e-07,-0.024,0,0
2.288e-07,-0.024,0,0
2.289e-07,-0.024,0,0
2.29e-07,-0.024,0,0
2.291e-07,-0.024,0,0
2.292e-07,-0.024,0,0
2.293e-07,-0.024,0,0
2.294e-07,-0.024,0,0
2.295e-07,-0.024,0,0
2.296e-07,-0.024,0,0
2.297e-07,-0.024,0,0
2.298e-07,-0.024,0,0
2.299e-07,-0.024,0,0
2.3e-07,-0.024,0,0
2.301e-07,-0.024,0,0
2.302e-07,-0.024,0,0
2.303e-07,-0.024,0,0
2.304e-07,-0.024,0,0
2.305e-07,-0.024,0,0
2.306e-07,-0.024,0,0
2.307e-07,-0.024,0,0
2.308e-07,-0.024,0,0
2.309e-07,-0.024,0,0
2.31e-07,-0.024,0,0
2.311e-07,-0.024,0,0
2.312e-07,-0.024,0,0
2.313e-07,-0.024,0,0
2.314e-07,-0.024,0,0
2.315e-07,-0.024,0,0
2.316e-07,-0.024,0,0
2.317e-07,-0.024,0,0
2.318e-07,-0.024,0,0
2.319e-07,-0.024,0,0
2.32e-07,-0.024,0,0
2.321e-07,-0.024,0,0
2.322e-07,-0.024,0,0
2.323e-07,-0.024,0,0
2.324e-07,-0.024,0,0
2.325e-07,-0.024,0,0
2.326e-07,-0.024,0,0
2.327e-07,-0.024,0,0
2.328e-07,-0.024,0,0
2.329e-07,-0.024,0,0
2.33e-07,-0.024,0,0
2.331e-07,-0.024,0,0
2.332e-07,-0.024,0,0
2.333e-07,-0.024,0,0
2.334e-07,-0.024,0,0
2.335e-07,-0.024,0,0
2.336e-07,-0.024,0,0
2.337e-07,-0.024,0,0
2.338e-07,-0.024,0,0
2.339e-07,-0.024,0,0
2.34e-07,-0.024,0,0
2.341e-07,-0.024,0,0
2.342e-07,-0.024,0,0
2.343e-07,-0.024,0,0
2.344e-07,-0.024,0,0
2.345e-07,-0.024,0,0
2.346e-07,-0.024,0,0
2.347e-07,-0.024,0,0
2.348e-07,-0.024,0,0
2.349e-07,-0.024,0,0
2.35e-07,-0.024,0,0
2.351e-07,-0.024,0,0
2.352e-07,-0.024,0,0
2.353e-07,-0.024,0,0
2.354e-07,-0.024,0,0
2.355e-07,-0.024,0,0
2.356e-07,-0.024,0,0
2.357e-07,-0.024,0,0
2.358e-07,-0.024,0,0
2.359e-07,-0.024,0,0
2.36e-07,-0.024,0,0
2.361e-07,-0.024,0,0
2.362e-07,-0.024,0,0
2.363e-07,-0.024,0,0
2.364e-07,-0.024,0,0
2.365e-07,-0.024,0,0
2.366e-07,-0.024,0,0
2.367e-07,-0.024,0,0
2.368e-07,-0.024,0,0
2.369e-07,-0.024,0,0
2.37e-07,-0.024,0,0
2.371e-07,-0.024,0,0
2.372e-07,-0.024,0,0
2.373e-07,-0.024,0,0
2.374e-07,-0.024,0,0
2.375e-07,-0.024,0,0
2.376e-07,-0.024,0,0
2.377e-07,-0.024,0,0
2.378e-07,-0.024,0,0
2.379e-07,-0.024,0,0
2.38e-07,-0.024,0,0
2.381e-07,-0.024,0,0
2.382e-07,-0.024,0,0
2.383e-07,-0.024,0,0
2.384e-07,-0.024,0,0
2.385e-07,-0.024,0,0
2.386e-07,-0.024,0,0
2.387e-07,-0.024,0,0
2.388e-07,-0.024,0,0
2.389e-07,-0.024,0,0
2.39e-07,-0.024,0,0
2.391e-07,-0.024,0,0
2.392e-07,-0.024,0,0
2.393e-07,-0.024,0,0
2.394e-07,-0.024,0,0
2.395e-07,-0.024,0,0
2.396e-07,-0.024,0,0
2.397e-07,-0.024,0,0
2.398e-07,-0.024,0,0
2.399e-07,-0.024,0,0
2.4e-07,-0.047,0,0
2.401e-07,-0.047,0,0
2.402e-07,-0.047,0,0
2.403e-07,-0.047,0,0
2.404e-07,-0.047,0,0
2.405e-07,-0.047,0,0
2.406e-07,-0.047,0,0
2.407e-07,-0.047,0,0
2.408e-07,-0.047,0,0
2.409e-07,-0.047,0,0
2.41e-07,-0.047,0,0
2.411e-07,-0.047,0,0
2.412e-07,-0.047,0,0
2.413e-07,-0.047,0,0
2.414e-07,-0.047,0,0
2.415e-07,-0.047,0,0
2.416e-07,-0.047,0,0
2.417e-07,-0.047,0,0
2.418e-07,-0.047,0,0
2.419e-07,-0.047,0,0
2.42e-07,-0.047,0,0
2.421e-07,-0.047,0,0
2.422e-07,-0.047,0,0
2.423e-07,-0.047,0,0
2.424e-07,-0.047,0,0
2.425e-07,-0.047,0,0
2.426e-07,-0.047,0,0
2.427e-07,-0.047,0,0
2.428e-07,-0.047,0,0
2.429e-07,-0.047,0,0
2.43e-07,-0.047,0,0
2.431e-07,-0.047,0,0
2.432e-07,-0.047,0,0
2.433e-07,-0.047,0,0
2.434e-07,-0.047,0,0
2.435e-07,-0.047,0,0
2.436e-07,-0.047,0,0
2.437e-07,-0.047,0,0
2.438e-07,-0.047,0,0
2.439e-07,-0.047,0,0
2.44e-07,-0.047,0,0
2.441e-07,-0.047,0,0
2.442e-07,-0.047,0,0
2.443e-07,-0.047,0,0
2.444e-07,-0.047,0,0
2.445e-07,-0.047,0,0
2.446e-07,-0.047,0,0
2.447e-07,-0.047,0,0
2.448e-07,-0.047,0,0
2.449e-07,-0.047,0,0
2.45e-07,-0.047,0,0
2.451e-07,-0.047,0,0
2.452e-07,-0.047,0,0
2.453e-07,-0.047,0,0
2.454e-07,-0.047,0,0
2.455e-07,-0.047,0,0
2.456e-07,-0.047,0,0
2.457e-07,-0.047,0,0
2.458e-07,-0.047,0,0
2.459e-07,-0.047,0,0
2.46e-07,-0.047,0,0
2.461e-07,-0.047,0,0
2.462e-07,-0.047,0,0
2.463e-07,-0.047,0,0
2.464e-07,-0.047,0,0
2.465e-07,-0.047,0,0
2.466e-07,-0.047,0,0
2.467e-07,-0.047,0,0
2.468e-07,-0.047,0,0
2.469e-07,-0.047,0,0
2.47e-07,-0.047,0,0
2.471e-07,-0.047,0,0
2.472e-07,-0.047,0,0
2.473e-07,-0.047,0,0
2.474e-07,-0.047,0,0
2.475e-07,-0.047,0,0
2.476e-07,-0.047,0,0
2.477e-07,-0.047,0,0
2.478e-07,-0.047,0,0
2.479e-07,-0.047,0,0
2.48e-07,-0.047,0,0
2.481e-07,-0.047,0,0
2.482e-07,-0.047,0,0
2.483e-07,-0.047,0,0
2.484e-07,-0.047,0,0
2.485e-07,-0.047,0,0
2.486e-07,-0.047,0,0
2.487e-07,-0.047,0,0
2.488e-07,-0.047,0,0
2.489e-07,-0.047,0,0
2.49e-07,-0.047,0,0
2.491e-07,-0.047,0,0
2.492e-07,-0.047,0,0
2.493e-07,-0.047,0,0
2.494e-07,-0.047,0,0
2.495e-07,-0.047,0,0
2.496e-07,-0.047,0,0
2.497e-07,-0.047,0,0
2.498e-07,-0.047,0,0
2.499e-07,-0.047,0,0
2.5e-07,-0.047,0,0
2.501e-07,-0.047,0,0
2.502e-07,-0.047,0,0
2.503e-07,-0.047,0,0
2.504e-07,-0.047,0,0
2.505e-07,-0.047,0,0
2.506e-07,-0.047,0,0
2.507e-07,-0.047,0,0
2.508e-07,-0.047,0,0
2.509e-07,-0.047,0,0
2.51e-07,-0.047,0,0
2.511e-07,-0.047,0,0
2.512e-07,-0.047,0,0
2.513e-07,-0.047,0,0
2.514e-07,-0.047,0,0
2.515e-07,-0.047,0,0
2.516e-07,-0.047,0,0
2.517e-07,-0.047,0,0
2.518e-07,-0.047,0,0
2.519e-07,-0.047,0,0
2.52e-07,-0.047,0,0
2.521e-07,-0.047,0,0
2.522e-07,-0.047,0,0
2.523e-07,-0.047,0,0
2.524e-07,-0.047,0,0
2.525e-07,-0.047,0,0
2.526e-07,-0.047,0,0
2.527e-07,-0.047,0,0
2.528e-07,-0.047,0,0
2.529e-07,-0.047,0,0
2.53e-07,-0.047,0,0
2.531e-07,-0.047,0,0
2.532e-07,-0.047,0,0
2.533e-07,-0.047,0,0
2.534e-07,-0.047,0,0
2.535e-07,-0.047,0,0
2.536e-07,-0.047,0,0
2.537e-07,-0.047,0,0
2.538e-07,-0.047,0,0
2.539e-07,-0.047,0,0
2.54e-07,-0.047,0,0
2.541e-07,-0.047,0,0
2.542e-07,-0.047,0,0
2.543e-07,-0.047,0,0
2.544e-07,-0.047,0,0
2.545e-07,-0.047,0,0
2.546e-07,-0.047,0,0
2.547e-07,-0.047,0,0
2.548e-07,-0.047,0,0
2.549e-07,-0.047,0,0
2.55e-07,-0.047,0,0
2.551e-07,-0.047,0,0
2.552e-07,-0.047,0,0
2.553e-07,-0.047,0,0
2.554e-07,-0.047,0,0
2.555e-07,-0.047,0,0
2.556e-07,-0.047,0,0
2.557e-07,-0.047,0,0
2.558e-07,-0.047,0,0
2.559e-07,-0.047,0,0
2.56e-07,-0.047,0,0
2.561e-07,-0.047,0,0
2.562e-07,-0.047,0,0
2.563e-07,-0.047,0,0
2.564e-07,-0.047,0,0
2.565e-07,-0.047,0,0
2.566e-07,-0.047,0,0
2.567e-07,-0.047,0,0
2.568e-07,-0.047,0,0
2.569e-07,-0.047,0,0
2.57e-07,-0.047,0,0
2.571e-07,-0.047,0,0
2.572e-07,-0.047,0,0
2.573e-07,-0.047,0,0
2.574e-07,-0.047,0,0
2.575e-07,-0.047,0,0
2.576e-07,-0.047,0,0
2.577e-07,-0.047,0,0
2.578e-07,-0.047,0,0
2.579e-07,-0.047,0,0
2.58e-07,-0.047,0,0
2.581e-07,-0.047,0,0
2.582e-07,-0.047,0,0
2.583e-07,-0.047,0,0
2.584e-07,-0.047,0,0
2.585e-07,-0.047,0,0
2.586e-07,-0.047,0,0
2.587e-07,-0.047,0,0
2.588e-07,-0.047,0,0
2.589e-07,-0.047,0,0
2.59e-07,-0.047,0,0
2.591e-07,-0.047,0,0
2.592e-07,-0.047,0,0
2.593e-07,-0.047,0,0
2.594e-07,-0.047,0,0
2.595e-07,-0.047,0,0
2.596e-07,-0.047,0,0
2.597e-07,-0.047,0,0
2.598e-07,-0.047,0,0
2.599e-07,-0.047,0,0
2.6e-07,-0.047,0,0
2.601e-07,-0.047,1,0
2.602e-07,-0.047,1,0
2.603e-07,-0.047,1,0
2.604e-07,-0.047,1,0
2.605e-07,-0.047,1,0
2.606e-07,-0.047,1,0
2.607e-07,-0.047,1,0
2.608e-07,-0.047,1,0
2.609e-07,-0.047,1,0
2.61e-07,-0.047,1,0
2.611e-07,-0.047,1,0
2.612e-07,-0.047,1,0
2.613e-07,-0.047,1,0
2.614e-07,-0.047,1,0
2.615e-07,-0.047,1,0
2.616e-07,-0.047,1,0
2.617e-07,-0.047,1,0
2.618e-07,-0.047,1,0
2.619e-07,-0.047,1,0
2.62e-07,-0.047,1,0
2.621e-07,-0.047,1,0
2.622e-07,-0.047,1,0
2.623e-07,-0.047,1,0
2.624e-07,-0.047,1,0
2.625e-07,-0.047,1,0
2.626e-07,-0.047,1,0
2.627e-07,-0.047,1,0
2.628e-07,-0.047,1,0
2.629e-07,-0.047,1,0
2.63e-07,-0.047,1,0
2.631e-07,-0.047,1,0
2.632e-07,-0.047,1,0
2.633e-07,-0.047,1,0
2.634e-07,-0.047,1,0
2.635e-07,-0.047,1,0
2.636e-07,-0.047,1,0
2.637e-07,-0.047,1,0
2.638e-07,-0.047,1,0
2.639e-07,-0.047,1,0
2.64e-07,-0.047,1,0
2.641e-07,-0.047,1,0
2.642e-07,-0.047,1,0
2.643e-07,-0.047,1,0
2.644e-07,-0.047,1,0
2.645e-07,-0.047,1,0
2.646e-07,-0.047,1,0
2.647e-07,-0.047,1,0
2.648e-07,-0.047,1,0
2.649e-07,-0.047,1,0
2.65e-07,-0.047,1,0
2.651e-07,-0.047,1,0
2.652e-07,-0.047,1,0
2.653e-07,-0.047,1,0
2.654e-07,-0.047,1,0
2.655e-07,-0.047,1,0
2.656e-07,-0.047,1,0
2.657e-07,-0.047,1,0
2.658e-07,-0.047,1,0
2.659e-07,-0.047,1,0
2.66e-07,-0.047,1,0
2.661e-07,-0.047,1,0
2.662e-07,-0.047,1,0
2.663e-07,-0.047,1,0
2.664e-07,-0.047,1,0
2.665e-07,-0.047,1,0
2.666e-07,-0.047,1,0
2.667e-07,-0.047,1,0
2.668e-07,-0.047,1,0
2.669e-07,-0.047,1,0
2.67e-07,-0.047,1,0
2.671e-07,-0.047,1,0
2.672e-07,-0.047,1,0
2.673e-07,-0.047,1,0
2.674e-07,-0.047,1,0
2.675e-07,-0.047,1,0
2.676e-07,-0.047,1,0
2.677e-07,-0.047,1,0
2.678e-07,-0.047,1,0
2.679e-07,-0.047,1,0
2.68e-07,-0.047,1,0
2.681e-07,-0.047,1,0
2.682e-07,-0.047,1,0
2.683e-07,-0.047,1,0
2.684e-07,-0.047,1,0
2.685e-07,-0.047,1,0
2.686e-07,-0.047,1,0
2.687e-07,-0.047,1,0
2.688e-07,-0.047,1,-0.0549019607843
2.689e-07,-0.047,1,-0.154901960784
2.69e-07,-0.047,1,-0.254901960784
2.691e-07,-0.047,1,-0.354901960784
2.692e-07,-0.047,1,-0.454901960784
2.693e-07,-0.047,1,-0.554901960784
2.694e-07,-0.047,1,-0.654901960784
2.695e-07,-0.047,1,-0.754901960784
2.696e-07,-0.047,1,-0.854901960784
2.697e-07,-0.047,1,-0.954901960784
2.698e-07,-0.047,1,-1
2.699e-07,-0.047,1,-1
2.7e-07,-0.047,1,-1
2.701e-07,-0.047,1,-1
2.702e-07,-0.047,1,-1
2.703e-07,-0.047,1,-1
2.704e-07,-0.047,1,-1
2.705e-07,-0.047,1,-1
2.706e-07,-0.047,1,-1
2.707e-07,-0.047,1,-1
2.708e-07,-0.047,1,-1
2.709e-07,-0.047,1,-1
2.71e-07,-0.047,1,-1
2.711e-07,-0.047,1,-1
2.712e-07,-0.047,1,-1
2.713e-07,-0.047,1,-1
2.714e-07,-0.047,1,-1
2.715e-07,-0.047,1,-1
2.716e-07,-0.047,1,-1
2.717e-07,-0.047,1,-1
2.718e-07,-0.047,1,-1
2.719e-07,-0.047,1,-1
2.72e-07,-0.047,1,-1
2.721e-07,-0.047,1,-1
2.722e-07,-0.047,1,-1
2.723e-07,-0.047,1,-1
2.724e-07,-0.047,1,-1
2.725e-07,-0.047,1,-1
2.726e-07,-0.047,1,-1
2.727e-07,-0.047,1,-1
2.728e-07,-0.047,1,-1
2.729e-07,-0.047,1,-1
2.73e-07,-0.047,1,-1
2.731e-07,-0.047,1,-1
2.732e-07,-0.047,1,-1
2.733e-07,-0.047,1,-1
2.734e-07,-0.047,1,-1
2.735e-07,-0.047,1,-1
2.736e-07,-0.047,1,-1
2.737e-07,-0.047,1,-1
2.738e-07,-0.047,1,-1
2.739e-07,-0.047,1,-1
2.74e-07,-0.047,1,-1
2.741e-07,-0.047,1,-1
2.742e-07,-0.047,1,-1
2.743e-07,-0.047,1,-1
2.744e-07,-0.047,1,-1
2.745e-07,-0.047,1,-1
2.746e-07,-0.047,1,-1
2.747e-07,-0.047,1,-1
2.748e-07,-0.047,1,-1
2.749e-07,-0.047,1,-1
2.75e-07,-0.047,1,-1
2.751e-07,-0.047,1,-1
2.752e-07,-0.047,1,-1
2.753e-07,-0.047,1,-1
2.754e-07,-0.047,1,-1
2.755e-07,-0.047,1,-1
2.756e-07,-0.047,1,-1
2.757e-07,-0.047,1,-1
2.758e-07,-0.047,1,-1
2.759e-07,-0.047,1,-1
2.76e-07,-0.047,1,-1
2.761e-07,-0.047,1,-1
2.762e-07,-0.047,1,-1
2.763e-07,-0.047,1,-1
2.764e-07,-0.047,1,-1
2.765e-07,-0.047,1,-1
2.766e-07,-0.047,1,-1
2.767e-07,-0.047,1,-1
2.768e-07,-0.047,1,-1
2.769e-07,-0.047,1,-1
2.77e-07,-0.047,1,-1
2.771e-07,-0.047,1,-1
2.772e-07,-0.047,1,-1
2.773e-07,-0.047,1,-1
2.774e-07,-0.047,1,-1
2.775e-07,-0.047,1,-1
2.776e-07,-0.047,1,-1
2.777e-07,-0.047,1,-1
2.778e-07,-0.047,1,-1
2.779e-07,-0.047,1,-1
2.78e-07,-0.047,1,-1
2.781e-07,-0.047,1,-1
2.782e-07,-0.047,1,-1
2.783e-07,-0.047,1,-1
2.784e-07,-0.047,1,-1
2.785e-07,-0.047,1,-1
2.786e-07,-0.047,1,-1
2.787e-07,-0.047,1,-1
2.788e-07,-0.047,1,-1
2.789e-07,-0.047,1,-1
2.79e-07,-0.047,1,-1
2.791e-07,-0.047,1,-1
2.792e-07,-0.047,1,-1
2.793e-07,-0.047,1,-1
2.794e-07,-0.047,1,-1
2.795e-07,-0.047,1,-1
2.796e-07,-0.047,1,-1
2.797e-07,-0.047,1,-1
2.798e-07,-0.047,1,-1
2.799e-07,-0.047,1,-1
2.8e-07,-0.047,1,-1
2.801e-07,-0.047,1,-1
2.802e-07,-0.047,1,-1
2.803e-07,-0.047,1,-1
2.804e-07,-0.047,1,-1
2.805e-07,-0.047,1,-1
2.806e-07,-0.047,1,-1
2.807e-07,-0.047,1,-1
2.808e-07,-0.047,1,-1
2.809e-07,-0.047,1,-1
2.81e-07,-0.047,1,-1
2.811e-07,-0.047,1,-1
2.812e-07,-0.047,1,-1
2.813e-07,-0.047,1,-1
2.814e-07,-0.047,1,-1
2.815e-07,-0.047,1,-1
2.816e-07,-0.047,1,-1
2.817e-07,-0.047,1,-1
2.818e-07,-0.047,1,-1
2.819e-07,-0.047,1,-1
2.82e-07,-0.047,1,-1
2.821e-07,-0.047,1,-1
2.822e-07,-0.047,1,-1
2.823e-07,-0.047,1,-1
2.824e-07,-0.047,1,-1
2.825e-07,-0.047,1,-1
2.826e-07,-0.047,1,-1
2.827e-07,-0.047,1,-1
2.828e-07,-0.047,1,-1
2.829e-07,-0.047,1,-1
2.83e-07,-0.047,1,-1
2.831e-07,-0.047,1,-1
2.832e-07,-0.047,1,-1
2.833e-07,-0.047,1,-1
2.834e-07,-0.047,1,-1
2.835e-07,-0.047,1,-1
2.836e-07,-0.047,1,-1
2.837e-07,-0.047,1,-1
2.838e-07,-0.047,1,-1
2.839e-07,-0.047,1,-1
2.84e-07,-0.047,1,-1
2.841e-07,-0.047,1,-1
2.842e-07,-0.047,1,-1
2.843e-07,-0.047,1,-1
2.844e-07,-0.047,1,-1
2.845e-07,-0.047,1,-1
2.846e-07,-0.047,1,-1
2.847e-07,-0.047,1,-1
2.848e-07,-0.047,1,-1
2.849e-07,-0.047,1,-1
2.85e-07,-0.047,1,-1
2.851e-07,-0.047,1,-1
2.852e-07,-0.047,1,-1
2.853e-07,-0.047,1,-1
2.854e-07,-0.047,1,-1
2.855e-07,-0.047,1,-1
2.856e-07,-0.047,1,-1
2.857e-07,-0.047,1,-1
2.858e-07,-0.047,1,-1
2.859e-07,-0.047,1,-1
2.86e-07,-0.047,1,-1
2.861e-07,-0.047,1,-1
2.862e-07,-0.047,1,-1
2.863e-07,-0.047,1,-1
2.864e-07,-0.047,1,-1
2.865e-07,-0.047,1,-1
2.866e-07,-0.047,1,-1
2.867e-07,-0.047,1,-1
2.868e-07,-0.047,1,-1
2.869e-07,-0.047,1,-1
2.87e-07,-0.047,1,-1
2.871e-07,-0.047,1,-1
2.872e-07,-0.047,1,-1
2.873e-07,-0.047,1,-1
2.874e-07,-0.047,1,-1
2.875e-07,-0.047,1,-1
2.876e-07,-0.047,1,-1
2.877e-07,-0.047,1,-1
2.878e-07,-0.047,1,-1
2.879e-07,-0.047,1,-1
2.88e-07,-0.047,1,-1
2.881e-07,-0.047,1,-1
2.882e-07,-0.047,1,-1
2.883e-07,-0.047,1,-1
2.884e-07,-0.047,1,-1
2.885e-07,-0.047,1,-1
2.886e-07,-0.047,1,-1
2.887e-07,-0.047,1,-1
2.888e-07,-0.047,1,-1
2.889e-07,-0.047,1,-1
2.89e-07,-0.047,1,-1
2.891e-07,-0.047,1,-1
2.892e-07,-0.047,1,-1
2.893e-07,-0.047,1,-1
2.894e-07,-0.047,1,-1
2.895e-07,-0.047,1,-1
2.896e-07,-0.047,1,-1
2.897e-07,-0.047,1,-1
2.898e-07,-0.047,1,-1
2.899e-07,-0.047,1,-1
2.9e-07,-0.047,1,-1
2.901e-07,-0.047,1,-1
2.902e-07,-0.047,1,-1
2.903e-07,-0.047,1,-1
2.904e-07,-0.047,1,-1
2.905e-07,-0.047,1,-1
2.906e-07,-0.047,1,-1
2.907e-07,-0.047,1,-1
2.908e-07,-0.047,1,-1
2.909e-07,-0.047,1,-1
2.91e-07,-0.047,1,-1
2.911e-07,-0.047,1,-1
2.912e-07,-0.047,1,-1
2.913e-07,-0.047,1,-1
2.914e-07,-0.047,1,-1
2.915e-07,-0.047,1,-1
2.916e-07,-0.047,1,-1
2.917e-07,-0.047,1,-1
2.918e-07,-0.047,1,-1
2.919e-07,-0.047,1,-1
2.92e-07,-0.047,1,-1
2.921e-07,-0.047,1,-1
2.922e-07,-0.047,1,-1
2.923e-07,-0.047,1,-1
2.924e-07,-0.047,1,-1
2.925e-07,-0.047,1,-1
2.926e-07,-0.047,1,-1
2.927e-07,-0.047,1,-1
2.928e-07,-0.047,1,-1
2.929e-07,-0.047,1,-1
2.93e-07,-0.047,1,-1
2.931e-07,-0.047,1,-1
2.932e-07,-0.047,1,-1
2.933e-07,-0.047,1,-1
2.934e-07,-0.047,1,-1
2.935e-07,-0.047,1,-1
2.936e-07,-0.047,1,-1
2.937e-07,-0.047,1,-1
2.938e-07,-0.047,1,-1
2.939e-07,-0.047,1,-1
2.94e-07,-0.047,1,-1
2.941e-07,-0.047,1,-1
2.942e-07,-0.047,1,-1
2.943e-07,-0.047,1,-1
2.944e-07,-0.047,1,-1
2.945e-07,-0.047,1,-1
2.946e-07,-0.047,1,-1
2.947e-07,-0.047,1,-1
2.948e-07,-0.047,1,-1
2.949e-07,-0.047,1,-1
2.95e-07,-0.047,1,-1
2.951e-07,-0.047,1,-1
2.952e-07,-0.047,1,-1
2.953e-07,-0.047,1,-1
2.954e-07,-0.047,1,-1
2.955e-07,-0.047,1,-1
2.956e-07,-0.047,1,-1
2.957e-07,-0.047,1,-1
2.958e-07,-0.047,1,-1
2.959e-07,-0.047,1,-1
2.96e-07,-0.047,1,-1
2.961e-07,-0.047,1,-1
2.962e-07,-0.047,1,-1
2.963e-07,-0.047,1,-1
2.964e-07,-0.047,1,-1
2.965e-07,-0.047,1,-1
2.966e-07,-0.047,1,-1
2.967e-07,-0.047,1,-1
2.968e-07,-0.047,1,-1
2.969e-07,-0.047,1,-1
2.97e-07,-0.047,1,-1
2.971e-07,-0.047,1,-1
2.972e-07,-0.047,1,-1
2.973e-07,-0.047,1,-1
2.974e-07,-0.047,1,-1
2.975e-07,-0.047,1,-1
2.976e-07,-0.047,1,-1
2.977e-07,-0.047,1,-1
2.978e-07,-0.047,1,-1
2.979e-07,-0.047,1,-1
2.98e-07,-0.047,1,-1
2.981e-07,-0.047,1,-1
2.982e-07,-0.047,1,-1
2.983e-07,-0.047,1,-1
2.984e-07,-0.047,1,-1
2.985e-07,-0.047,1,-1
2.986e-07,-0.047,1,-1
2.987e-07,-0.047,1,-1
2.988e-07,-0.047,1,-1
2.989e-07,-0.047,1,-1
2.99e-07,-0.047,1,-1
2.991e-07,-0.047,1,-1
2.992e-07,-0.047,1,-1
2.993e-07,-0.047,1,-1
2.994e-07,-0.047,1,-1
2.995e-07,-0.047,1,-1
2.996e-07,-0.047,1,-1
2.997e-07,-0.047,1,-1
2.998e-07,-0.047,1,-1
2.999e-07,-0.047,1,-1
3e-07,-0.047,1,-1
3.001e-07,-0.047,1,-1
3.002e-07,-0.047,1,-1
3.003e-07,-0.047,1,-1
3.004e-07,-0.047,1,-1
3.005e-07,-0.047,1,-1
3.006e-07,-0.047,1,-1
3.007e-07,-0.047,1,-1
3.008e-07,-0.047,1,-1
3.009e-07,-0.047,1,-1
3.01e-07,-0.047,1,-1
3.011e-07,-0.047,1,-1
3.012e-07,-0.047,1,-1
3.013e-07,-0.047,1,-1
3.014e-07,-0.047,1,-1
3.015e-07,-0.047,1,-1
3.016e-07,-0.047,1,-1
3.017e-07,-0.047,1,-1
3.018e-07,-0.047,1,-1
3.019e-07,-0.047,1,-1
3.02e-07,-0.047,1,-1
3.021e-07,-0.047,1,-1
3.022e-07,-0.047,1,-1
3.023e-07,-0.047,1,-1
3.024e-07,-0.047,1,-1
3.025e-07,-0.047,1,-1
3.026e-07,-0.047,1,-1
3.027e-07,-0.047,1,-1
3.028e-07,-0.047,1,-1
3.029e-07,-0.047,1,-1
3.03e-07,-0.047,1,-1
3.031e-07,-0.047,1,-1
3.032e-07,-0.047,1,-1
3.033e-07,-0.047,1,-1
3.034e-07,-0.047,1,-1
3.035e-07,-0.047,1,-1
3.036e-07,-0.047,1,-1
3.037e-07,-0.047,1,-1
3.038e-07,-0.047,1,-1
3.039e-07,-0.047,1,-1
3.04e-07,-0.047,1,-1
3.041e-07,-0.047,1,-1
3.042e-07,-0.047,1,-1
3.043e-07,-0.047,1,-1
3.044e-07,-0.047,1,-1
3.045e-07,-0.047,1,-1
3.046e-07,-0.047,1,-1
3.047e-07,-0.047,1,-1
3.048e-07,-0.047,1,-1
3.049e-07,-0.047,1,-1
3.05e-07,-0.047,1,-1
3.051e-07,-0.047,1,-1
3.052e-07,-0.047,1,-1
3.053e-07,-0.047,1,-1
3.054e-07,-0.047,1,-1
3.055e-07,-0.047,1,-1
3.056e-07,-0.047,1,-1
3.057e-07,-0.047,1,-1
3.058e-07,-0.047,1,-1
3.059e-07,-0.047,1,-1
3.06e-07,-0.047,1,-1
3.061e-07,-0.047,1,-1
3.062e-07,-0.047,1,-1
3.063e-07,-0.047,1,-1
3.064e-07,-0.047,1,-1
3.065e-07,-0.047,1,-1
3.066e-07,-0.047,1,-1
3.067e-07,-0.047,1,-1
3.068e-07,-0.047,1,-1
3.069e-07,-0.047,1,-1
3.07e-07,-0.047,1,-1
3.071e-07,-0.047,1,-1
3.072e-07,-0.047,1,-1
3.073e-07,-0.047,1,-1
3.074e-07,-0.047,1,-1
3.075e-07,-0.047,1,-1
3.076e-07,-0.047,1,-1
3.077e-07,-0.047,1,-1
3.078e-07,-0.047,1,-1
3.079e-07,-0.047,1,-1
3.08e-07,-0.047,1,-1
3.081e-07,-0.047,1,-1
3.082e-07,-0.047,1,-1
3.083e-07,-0.047,1,-1
3.084e-07,-0.047,1,-1
3.085e-07,-0.047,1,-1
3.086e-07,-0.047,1,-1
3.087e-07,-0.047,1,-1
3.088e-07,-0.047,1,-1
3.089e-07,-0.047,1,-1
3.09e-07,-0.047,1,-1
3.091e-07,-0.047,1,-1
3.092e-07,-0.047,1,-1
3.093e-07,-0.047,1,-1
3.094e-07,-0.047,1,-1
3.095e-07,-0.047,1,-1
3.096e-07,-0.047,1,-1
3.097e-07,-0.047,1,-1
3.098e-07,-0.047,1,-1
3.099e-07,-0.047,1,-1
3.1e-07,-0.047,1,-1
3.101e-07,-0.047,1,-1
3.102e-07,-0.047,1,-1
3.103e-07,-0.047,1,-1
3.104e-07,-0.047,1,-1
3.105e-07,-0.047,1,-1
3.106e-07,-0.047,1,-1
3.107e-07,-0.047,1,-1
3.108e-07,-0.047,1,-1
3.109e-07,-0.047,1,-1
3.11e-07,-0.047,1,-1
3.111e-07,-0.047,1,-1
3.112e-07,-0.047,1,-1
3.113e-07,-0.047,1,-1
3.114e-07,-0.047,1,-1
3.115e-07,-0.047,1,-1
3.116e-07,-0.047,1,-1
3.117e-07,-0.047,1,-1
3.118e-07,-0.047,1,-1
3.119e-07,-0.047,1,-1
3.12e-07,-0.047,1,-1
3.121e-07,-0.047,1,-1
3.122e-07,-0.047,1,-1
3.123e-07,-0.047,1,-1
3.124e-07,-0.047,1,-1
3.125e-07,-0.047,1,-1
3.126e-07,-0.047,1,-1
3.127e-07,-0.047,1,-1
3.128e-07,-0.047,1,-1
3.129e-07,-0.047,1,-1
3.13e-07,-0.047,1,-1
3.131e-07,-0.047,1,-1
3.132e-07,-0.047,1,-1
3.133e-07,-0.047,1,-1
3.134e-07,-0.047,1,-1
3.135e-07,-0.047,1,-1
3.136e-07,-0.047,1,-1
3.137e-07,-0.047,1,-1
3.138e-07,-0.047,1,-1
3.139e-07,-0.047,1,-1
3.14e-07,-0.047,1,-1
3.141e-07,-0.047,1,-1
3.142e-07,-0.047,1,-1
3.143e-07,-0.047,1,-1
3.144e-07,-0.047,1,-1
3.145e-07,-0.047,1,-1
3.146e-07,-0.047,1,-1
3.147e-07,-0.047,1,-1
3.148e-07,-0.047,1,-1
3.149e-07,-0.047,1,-1
3.15e-07,-0.047,1,-1
3.151e-07,-0.047,1,-1
3.152e-07,-0.047,1,-1
3.153e-07,-0.047,1,-1
3.154e-07,-0.047,1,-1
3.155e-07,-0.047,1,-1
3.156e-07,-0.047,1,-1
3.157e-07,-0.047,1,-1
3.158e-07,-0.047,1,-1
3.159e-07,-0.047,1,-1
3.16e-07,-0.047,1,-1
3.161e-07,-0.047,1,-1
3.162e-07,-0.047,1,-1
3.163e-07,-0.047,1,-1
3.164e-07,-0.047,1,-1
3.165e-07,-0.047,1,-1
3.166e-07,-0.047,1,-1
3.167e-07,-0.047,1,-1
3.168e-07,-0.047,1,-1
3.169e-07,-0.047,1,-1
3.17e-07,-0.047,1,-1
3.171e-07,-0.047,1,-1
3.172e-07,-0.047,1,-1
3.173e-07,-0.047,1,-1
3.174e-07,-0.047,1,-1
3.175e-07,-0.047,1,-1
3.176e-07,-0.047,1,-1
3.177e-07,-0.047,1,-1
3.178e-07,-0.047,1,-1
3.179e-07,-0.047,1,-1
3.18e-07,-0.047,1,-1
3.181e-07,-0.047,1,-1
3.182e-07,-0.047,1,-1
3.183e-07,-0.047,1,-1
3.184e-07,-0.047,1,-1
3.185e-07,-0.047,1,-1
3.186e-07,-0.047,1,-1
3.187e-07,-0.047,1,-1
3.188e-07,-0.047,1,-1
3.189e-07,-0.047,1,-1
3.19e-07,-0.047,1,-1
3.191e-07,-0.047,1,-1
3.192e-07,-0.047,1,-1
3.193e-07,-0.047,1,-1
3.194e-07,-0.047,1,-1
3.195e-07,-0.047,1,-1
3.196e-07,-0.047,1,-1
3.197e-07,-0.047,1,-1
3.198e-07,-0.047,1,-1
3.199e-07,-0.047,1,-1
3.2e-07,-0.047,1,-1
3.201e-07,-0.047,1,-1
3.202e-07,-0.047,1,-1
3.203e-07,-0.047,1,-1
3.204e-07,-0.047,1,-1
3.205e-07,-0.047,1,-1
3.206e-07,-0.047,1,-1
3.207e-07,-0.047,1,-1
3.208e-07,-0.047,1,-1
3.209e-07,-0.047,1,-1
3.21e-07,-0.047,1,-1
3.211e-07,-0.047,1,-1
3.212e-07,-0.047,1,-1
3.213e-07,-0.047,1,-1
3.214e-07,-0.047,1,-1
3.215e-07,-0.047,1,-1
3.216e-07,-0.047,1,-1
3.217e-07,-0.047,1,-1
3.218e-07,-0.047,1,-1
3.219e-07,-0.047,1,-1
3.22e-07,-0.047,1,-1
3.221e-07,-0.047,1,-1
3.222e-07,-0.047,1,-1
3.223e-07,-0.047,1,-1
3.224e-07,-0.047,1,-1
3.225e-07,-0.047,1,-1
3.226e-07,-0.047,1,-1
3.227e-07,-0.047,1,-1
3.228e-07,-0.047,1,-1
3.229e-07,-0.047,1,-1
3.23e-07,-0.047,1,-1
3.231e-07,-0.047,1,-1
3.232e-07,-0.047,1,-1
3.233e-07,-0.047,1,-1
3.234e-07,-0.047,1,-1
3.235e-07,-0.047,1,-1
3.236e-07,-0.047,1,-1
3.237e-07,-0.047,1,-1
3.238e-07,-0.047,1,-1
3.239e-07,-0.047,1,-1
3.24e-07,-0.047,1,-1
3.241e-07,-0.047,1,-1
3.242e-07,-0.047,1,-1
3.243e-07,-0.047,1,-1
3.244e-07,-0.047,1,-1
3.245e-07,-0.047,1,-1
3.246e-07,-0.047,1,-1
3.247e-07,-0.047,1,-1
3.248e-07,-0.047,1,-1
3.249e-07,-0.047,1,-1
3.25e-07,-0.047,1,-1
3.251e-07,-0.047,0,-0.9
3.252e-07,-0.047,0,-0.8
3.253e-07,-0.047,0,-0.7
3.254e-07,-0.047,0,-0.6
3.255e-07,-0.047,0,-0.5
3.256e-07,-0.047,0,-0.4
3.257e-07,-0.047,0,-0.3
3.258e-07,-0.047,0,-0.2
3.259e-07,-0.047,0,-0.1
3.26e-07,-0.047,0,-3.08642000846e-14
3.261e-07,-0.047,0,0
3.262e-07,-0.047,0,0
3.263e-07,-0.047,0,0
3.264e-07,-0.047,0,0
3.265e-07,-0.047,0,0
3.266e-07,-0.047,0,0
3.267e-07,-0.047,0,0
3.268e-07,-0.047,0,0
3.269e-07,-0.047,0,0
3.27e-07,-0.047,0,0
3.271e-07,-0.047,0,0
3.272e-07,-0.047,0,0
3.273e-07,-0.047,0,0
3.274e-07,-0.047,0,0
3.275e-07,-0.047,0,0
3.276e-07,-0.047,0,0
3.277e-07,-0.047,0,0
3.278e-07,-0.047,0,0
3.279e-07,-0.047,0,0
3.28e-07,-0.047,0,0
3.281e-07,-0.047,0,0
3.282e-07,-0.047,0,0
3.283e-07,-0.047,0,0
3.284e-07,-0.047,0,0
3.285e-07,-0.047,0,0
3.286e-07,-0.047,0,0
3.287e-07,-0.047,0,0
3.288e-07,-0.047,0,0
3.289e-07,-0.047,0,0
3.29e-07,-0.047,0,0
3.291e-07,-0.047,0,0
3.292e-07,-0.047,0,0
3.293e-07,-0.047,0,0
3.294e-07,-0.047,0,0
3.295e-07,-0.047,0,0
3.296e-07,-0.047,0,0
3.297e-07,-0.047,0,0
3.298e-07,-0.047,0,0
3.299e-07,-0.047,0,0
3.3e-07,-0.047,0,0
3.301e-07,-0.047,0,0
3.302e-07,-0.047,0,0
3.303e-07,-0.047,0,0
3.304e-07,-0.047,0,0
3.305e-07,-0.047,0,0
3.306e-07,-0.047,0,0
3.307e-07,-0.047,0,0
3.308e-07,-0.047,0,0
3.309e-07,-0.047,0,0
3.31e-07,-0.047,0,0
3.311e-07,-0.047,0,0
3.312e-07,-0.047,0,0
3.313e-07,-0.047,0,0
3.314e-07,-0.047,0,0
3.315e-07,-0.047,0,0
3.316e-07,-0.047,0,0
3.317e-07,-0.047,0,0
3.318e-07,-0.047,0,0
3.319e-07,-0.047,0,0
3.32e-07,-0.047,0,0
3.321e-07,-0.047,0,0
3.322e-07,-0.047,0,0
3.323e-07,-0.047,0,0
3.324e-07,-0.047,0,0
3.325e-07,-0.047,0,0
3.326e-07,-0.047,0,0
3.327e-07,-0.047,0,0
3.328e-07,-0.047,0,0
3.329e-07,-0.047,0,0
3.33e-07,-0.047,0,0
3.331e-07,-0.047,0,0
3.332e-07,-0.047,0,0
3.333e-07,-0.047,0,0
3.334e-07,-0.047,0,0
3.335e-07,-0.047,0,0
3.336e-07,-0.047,0,0
3.337e-07,-0.047,0,0
3.338e-07,-0.047,0,0
3.339e-07,-0.047,0,0
3.34e-07,-0.047,0,0
3.341e-07,-0.047,0,0
3.342e-07,-0.047,0,0
3.343e-07,-0.047,0,0
3.344e-07,-0.047,0,0
3.345e-07,-0.047,0,0
3.346e-07,-0.047,0,0
3.347e-07,-0.047,0,0
3.348e-07,-0.047,0,0
3.349e-07,-0.047,0,0
3.35e-07,-0.047,0,0
3.351e-07,-0.047,0,0
3.352e-07,-0.047,0,0
3.353e-07,-0.047,0,0
3.354e-07,-0.047,0,0
3.355e-07,-0.047,0,0
3.356e-07,-0.047,0,0
3.357e-07,-0.047,0,0
3.358e-07,-0.047,0,0
3.359e-07,-0.047,0,0
3.36e-07,-0.047,0,0
3.361e-07,-0.047,0,0
3.362e-07,-0.047,0,0
3.363e-07,-0.047,0,0
3.364e-07,-0.047,0,0
3.365e-07,-0.047,0,0
3.366e-07,-0.047,0,0
3.367e-07,-0.047,0,0
3.368e-07,-0.047,0,0
3.369e-07,-0.047,0,0
3.37e-07,-0.047,0,0
3.371e-07,-0.047,0,0
3.372e-07,-0.047,0,0
3.373e-07,-0.047,0,0
3.374e-07,-0.047,0,0
3.375e-07,-0.047,0,0
3.376e-07,-0.047,0,0
3.377e-07,-0.047,0,0
3.378e-07,-0.047,0,0
3.379e-07,-0.047,0,0
3.38e-07,-0.047,0,0
3.381e-07,-0.047,0,0
3.382e-07,-0.047,0,0
3.383e-07,-0.047,0,0
3.384e-07,-0.047,0,0
3.385e-07,-0.047,0,0
3.386e-07,-0.047,0,0
3.387e-07,-0.047,0,0
3.388e-07,-0.047,0,0
3.389e-07,-0.047,0,0
3.39e-07,-0.047,0,0
3.391e-07,-0.047,0,0
3.392e-07,-0.047,0,0
3.393e-07,-0.047,0,0
3.394e-07,-0.047,0,0
3.395e-07,-0.047,0,0
3.396e-07,-0.047,0,0
3.397e-07,-0.047,0,0
3.398e-07,-0.047,0,0
3.399e-07,-0.047,0,0
3.4e-07,-0.047,0,0
3.401e-07,-0.047,0,0
3.402e-07,-0.047,0,0
3.403e-07,-0.047,0,0
3.404e-07,-0.047,0,0
3.405e-07,-0.047,0,0
3.406e-07,-0.047,0,0
3.407e-07,-0.047,0,0
3.408e-07,-0.047,0,0
3.409e-07,-0.047,0,0
3.41e-07,-0.047,0,0
3.411e-07,-0.047,0,0
3.412e-07,-0.047,0,0
3.413e-07,-0.047,0,0
3.414e-07,-0.047,0,0
3.415e-07,-0.047,0,0
3.416e-07,-0.047,0,0
3.417e-07,-0.047,0,0
3.418e-07,-0.047,0,0
3.419e-07,-0.047,0,0
3.42e-07,-0.047,0,0
3.421e-07,-0.047,0,0
3.422e-07,-0.047,0,0
3.423e-07,-0.047,0,0
3.424e-07,-0.047,0,0
3.425e-07,-0.047,0,0
3.426e-07,-0.047,0,0
3.427e-07,-0.047,0,0
3.428e-07,-0.047,0,0
3.429e-07,-0.047,0,0
3.43e-07,-0.047,0,0
3.431e-07,-0.047,0,0
3.432e-07,-0.047,0,0
3.433e-07,-0.047,0,0
3.434e-07,-0.047,0,0
3.435e-07,-0.047,0,0
3.436e-07,-0.047,0,0
3.437e-07,-0.047,0,0
3.438e-07,-0.047,0,0
3.439e-07,-0.047,0,0
3.44e-07,-0.047,0,0
3.441e-07,-0.047,0,0
3.442e-07,-0.047,0,0
3.443e-07,-0.047,0,0
3.444e-07,-0.047,0,0
3.445e-07,-0.047,0,0
3.446e-07,-0.047,0,0
3.447e-07,-0.047,0,0
3.448e-07,-0.047,0,0
3.449e-07,-0.047,0,0
3.45e-07,-0.047,0,0
3.451e-07,-0.047,0,0
3.452e-07,-0.047,0,0
3.453e-07,-0.047,0,0
3.454e-07,-0.047,0,0
3.455e-07,-0.047,0,0
3.456e-07,-0.047,0,0
3.457e-07,-0.047,0,0
3.458e-07,-0.047,0,0
3.459e-07,-0.047,0,0
3.46e-07,-0.047,0,0
3.461e-07,-0.047,0,0
3.462e-07,-0.047,0,0
3.463e-07,-0.047,0,0
3.464e-07,-0.047,0,0
3.465e-07,-0.047,0,0
3.466e-07,-0.047,0,0
3.467e-07,-0.047,0,0
3.468e-07,-0.047,0,0
3.469e-07,-0.047,0,0
3.47e-07,-0.047,0,0
3.471e-07,-0.047,0,0
3.472e-07,-0.047,0,0
3.473e-07,-0.047,0,0
3.474e-07,-0.047,0,0
3.475e-07,-0.047,0,0
3.476e-07,-0.047,0,0
3.477e-07,-0.047,0,0
3.478e-07,-0.047,0,0
3.479e-07,-0.047,0,0
3.48e-07,-0.047,0,0
3.481e-07,-0.047,0,0
3.482e-07,-0.047,0,0
3.483e-07,-0.047,0,0
3.484e-07,-0.047,0,0
3.485e-07,-0.047,0,0
3.486e-07,-0.047,0,0
3.487e-07,-0.047,0,0
3.488e-07,-0.047,0,0
3.489e-07,-0.047,0,0
3.49e-07,-0.047,0,0
3.491e-07,-0.047,0,0
3.492e-07,-0.047,0,0
3.493e-07,-0.047,0,0
3.494e-07,-0.047,0,0
3.495e-07,-0.047,0,0
3.496e-07,-0.047,0,0
3.497e-07,-0.047,0,0
3.498e-07,-0.047,0,0
3.499e-07,-0.047,0,0
3.5e-07,-0.047,0,0
3.501e-07,-0.047,0,0
3.502e-07,-0.047,0,0
3.503e-07,-0.047,0,0
3.504e-07,-0.047,0,0
3.505e-07,-0.047,0,0
3.506e-07,-0.047,0,0
3.507e-07,-0.047,0,0
3.508e-07,-0.047,0,0
3.509e-07,-0.047,0,0
3.51e-07,-0.047,0,0
3.511e-07,-0.047,0,0
3.512e-07,-0.047,0,0
3.513e-07,-0.047,0,0
3.514e-07,-0.047,0,0
3.515e-07,-0.047,0,0
3.516e-07,-0.047,0,0
3.517e-07,-0.047,0,0
3.518e-07,-0.047,0,0
3.519e-07,-0.047,0,0
3.52e-07,-0.047,0,0
3.521e-07,-0.047,0,0
3.522e-07,-0.047,0,0
3.523e-07,-0.047,0,0
3.524e-07,-0.047,0,0
3.525e-07,-0.047,0,0
3.526e-07,-0.047,0,0
3.527e-07,-0.047,0,0
3.528e-07,-0.047,0,0
3.529e-07,-0.047,0,0
3.53e-07,-0.047,0,0
3.531e-07,-0.047,0,0
3.532e-07,-0.047,0,0
3.533e-07,-0.047,0,0
3.534e-07,-0.047,0,0
3.535e-07,-0.047,0,0
3.536e-07,-0.047,0,0
3.537e-07,-0.047,0,0
3.538e-07,-0.047,0,0
3.539e-07,-0.047,0,0
3.54e-07,-0.047,0,0
3.541e-07,-0.047,0,0
3.542e-07,-0.047,0,0
3.543e-07,-0.047,0,0
3.544e-07,-0.047,0,0
3.545e-07,-0.047,0,0
3.546e-07,-0.047,0,0
3.547e-07,-0.047,0,0
3.548e-07,-0.047,0,0
3.549e-07,-0.047,0,0
3.55e-07,-0.047,0,0
3.551e-07,-0.047,0,0
3.552e-07,-0.047,0,0
3.553e-07,-0.047,0,0
3.554e-07,-0.047,0,0
3.555e-07,-0.047,0,0
3.556e-07,-0.047,0,0
3.557e-07,-0.047,0,0
3.558e-07,-0.047,0,0
3.559e-07,-0.047,0,0
3.56e-07,-0.047,0,0
3.561e-07,-0.047,0,0
3.562e-07,-0.047,0,0
3.563e-07,-0.047,0,0
3.564e-07,-0.047,0,0
3.565e-07,-0.047,0,0
3.566e-07,-0.047,0,0
3.567e-07,-0.047,0,0
3.568e-07,-0.047,0,0
3.569e-07,-0.047,0,0
3.57e-07,-0.047,0,0
3.571e-07,-0.047,0,0
3.572e-07,-0.047,0,0
3.573e-07,-0.047,0,0
3.574e-07,-0.047,0,0
3.575e-07,-0.047,0,0
3.576e-07,-0.047,0,0
3.577e-07,-0.047,0,0
3.578e-07,-0.047,0,0
3.579e-07,-0.047,0,0
3.58e-07,-0.047,0,0
3.581e-07,-0.047,0,0
3.582e-07,-0.047,0,0
3.583e-07,-0.047,0,0
3.584e-07,-0.047,0,0
3.585e-07,-0.047,0,0
3.586e-07,-0.047,0,0
3.587e-07,-0.047,0,0
3.588e-07,-0.047,0,0
3.589e-07,-0.047,0,0
3.59e-07,-0.047,0,0
3.591e-07,-0.047,0,0
3.592e-07,-0.047,0,0
3.593e-07,-0.047,0,0
3.594e-07,-0.047,0,0
3.595e-07,-0.047,0,0
3.596e-07,-0.047,0,0
3.597e-07,-0.047,0,0
3.598e-07,-0.047,0,0
3.599e-07,-0.047,0,0
3.6e-07,-0.047,0,0
